Price,Close,Volume,MA10,MA20,RSI,MACD,MACD_signal,Upper_BB,Middle_BB,Lower_BB,ATR,ADX
Ticker,VWO,VWO,,,,,,,,,,
Date,,,,,,,,,,,,
2020-01-02,39.01119613647461,13427400,,,,,,,,,,
2020-01-03,38.31716537475586,12501600,,,,,,,,,,
2020-01-06,38.24863052368164,10315100,,,,,,,,,,
2020-01-07,38.231483459472656,11859300,,,,,,,,,,
2020-01-08,38.402870178222656,11113700,,,,,,,,,,
2020-01-09,38.59991455078125,17924500,,,,,,,,,,
2020-01-10,38.78842544555664,14887200,,,,,,,,,,
2020-01-13,39.31965637207031,8973900,,,,,,,,,,
2020-01-14,39.13972473144531,13281100,,,,,,,,,,
2020-01-15,38.8912467956543,13064600,38.695031356811526,,,,,,,,,
2020-01-16,39.088314056396484,14620400,38.70274314880371,,,,,,,,,
2020-01-17,39.336795806884766,13094800,38.8047061920166,,,,,,,,,
2020-01-21,38.360023498535156,14543900,38.81584548950195,,,,,,,,,
2020-01-22,38.59136199951172,15637600,38.85183334350586,,,,,,,,,
2020-01-23,38.24006271362305,15386000,38.8355525970459,,41.03594702841919,,,,,,0.4400376050937912,
2020-01-24,37.9487419128418,19643500,38.77043533325195,,38.24629261926859,,,,,,0.4471634992248655,
2020-01-27,36.67206573486328,19866500,38.55879936218262,,28.956177143996058,,,,,,0.5327311600879615,
2020-01-28,36.98051834106445,13930500,38.324885559082034,,33.17931323057387,,,,,,0.5228316628202501,
2020-01-29,37.15189743041992,9174200,38.12610282897949,,35.474378393443416,,,,,,0.5093561518269341,
2020-01-30,36.6463623046875,16587300,37.901614379882815,38.29832286834717,31.984561242307397,,,39.92943197152446,38.29832286834717,36.66721376516988,0.5415200547515732,
2020-01-31,35.99518966674805,15755300,37.59230194091797,38.14752254486084,28.143933890820538,,,40.02603280722122,38.14752254486084,36.26901228250046,0.5640406688755483,
2020-02-03,36.25222396850586,23429800,37.283844757080075,38.04427547454834,31.633601785957378,,,40.09338176179631,38.04427547454834,35.99516918730038,0.5506798451450979,
2020-02-04,37.11762237548828,15264900,37.15960464477539,37.98772506713867,41.86966935459652,,,40.07325372388428,37.98772506713867,35.90219641039306,0.5884601738583866,
2020-02-05,37.32325744628906,20121100,37.03279418945313,37.942313766479494,44.01468444134532,,,40.044122712663935,37.942313766479494,35.84050482029505,0.594164274425656,
2020-02-06,37.30611801147461,9642900,36.93939971923828,37.88747615814209,43.86938194731479,,,39.995579276864035,37.88747615814209,35.77937303942015,0.5737566237646619,
2020-02-07,36.80059051513672,8298300,36.824584579467775,37.79750995635986,39.70584096247034,,,39.929756067119,37.79750995635986,35.66526384560072,0.5737793637444178,
2020-02-10,37.03193664550781,8238000,36.860571670532224,37.709685516357425,42.40001613997322,,,39.815975796758046,37.709685516357425,35.6033952359568,0.5493198470748947,
2020-02-11,37.50318908691406,8439700,36.912838745117185,37.61886215209961,47.542082650406684,,,39.5920803699245,37.61886215209961,35.645643934274716,0.5559839940860308,24.794562434807098
2020-02-12,37.9830207824707,10143100,36.995951080322264,37.56102695465088,52.219302809442034,,,39.4168632080593,37.56102695465088,35.70519070124246,0.5529924360561711,23.40545102443074
2020-02-13,37.58030700683594,14411400,37.08934555053711,37.49547996520996,48.32490747292344,,,39.24851160986683,37.49547996520996,35.74244832055309,0.5489904729989463,21.770967324881955
2020-02-14,37.50318908691406,8417000,37.24014549255371,37.41622371673584,47.59293464985404,,,39.010143894530664,37.41622371673584,35.82230353894102,0.5354817107050208,20.345108106793532
2020-02-18,37.374671936035156,8623800,37.35239028930664,37.31811752319336,46.33340439900233,,,38.646540690614124,37.31811752319336,35.98969435577259,0.5149810185059411,19.204805546037342
2020-02-19,37.683128356933594,9889700,37.40894088745117,37.28427276611328,49.76939477080777,,,38.53713317768018,37.28427276611328,36.03141235454638,0.5039014493382571,17.984975817286056
2020-02-20,37.169029235839844,13407400,37.39351806640625,37.213156127929686,44.63953722216225,-0.3793886440063119,-0.6001837705641301,38.3133327807481,37.213156127929686,36.112979475111274,0.5138102057834385,17.435032219261803
2020-02-21,37.03193664550781,8103800,37.36609992980957,37.15274982452392,43.3561851605878,-0.37697133632931923,-0.5555412837171679,38.14846748252571,37.15274982452392,36.157032166522136,0.4948580310853286,17.069048068789108
2020-02-24,35.72957229614258,17789800,37.25899810791016,37.04179134368896,33.50236213527187,-0.4746737774282792,-0.5393677824593902,38.14658666007308,37.04179134368896,35.93699602730484,0.5678374870340805,18.305642693217703
2020-02-25,35.446815490722656,21292800,37.10048599243164,36.980528831481934,31.811888515686444,-0.5683679846768825,-0.5451678229028887,38.27937851433251,36.980528831481934,35.68167914863136,0.5854193541406606,18.907054648178438
2020-02-26,35.669586181640625,25218200,36.9171257019043,36.91498222351074,34.61129135374436,-0.6175271177508321,-0.5596396818724774,38.33397453976487,36.91498222351074,35.495989907256615,0.5968489635115871,19.46550860635626
2020-02-27,34.81275939941406,35274700,36.60009956359863,36.79802532196045,29.581038488772183,-0.7173556164023296,-0.5911828687784478,38.480721350268304,36.79802532196045,35.1153292936526,0.6172550178574395,20.790541728731316
2020-02-28,34.71851348876953,54845800,36.313920211791995,36.70163288116455,29.08039737028124,-0.794912027119139,-0.6319287004465861,38.613326756195086,36.70163288116455,34.78993900613401,0.6594594169427591,22.832663159235413
2020-03-02,35.386837005615234,40151000,36.10228500366211,36.67121524810791,37.19746534497557,-0.7933032133498088,-0.6642036030272307,38.6452460933729,36.67121524810791,34.69718440284293,0.6741688128620696,23.71986487695832
2020-03-03,35.21546173095703,50334100,35.8863639831543,36.61937713623047,36.057797770657594,-0.7966732163425903,-0.6906975256903026,38.68693171610244,36.61937713623047,34.551822556358495,0.700680056667773,23.71786309444334
2020-03-04,35.71242904663086,25280500,35.689294052124026,36.549117469787596,41.641629799685404,-0.7505905186752813,-0.7026761242872983,38.63954746421258,36.549117469787596,34.45868747536261,0.6885772715061389,23.71600429639372
2020-03-05,35.0269660949707,24944100,35.47508773803711,36.43430290222168,36.86034128672743,-0.7606129081717867,-0.714263481064196,38.59316798434657,36.43430290222168,34.27543782009679,0.7036552486861121,24.219225039423094
2020-03-06,34.36721420288086,36225700,35.20861549377442,36.28735771179199,32.94001378325007,-0.8124270348309608,-0.733896191817549,38.58450500965971,36.28735771179199,33.990210413924274,0.7280601152013906,25.294816063775308
2020-03-09,31.805313110351562,38193800,34.81618957519531,36.037593841552734,22.799584709417616,-1.048131898884428,-0.7967433332309247,39.0363303962316,36.037593841552734,33.03885728687387,0.8694529381414383,27.46514323242064
2020-03-10,33.40757369995117,43913600,34.61226539611816,35.8563756942749,36.05756074930465,-1.0930407692843644,-0.8560028204416127,39.02603159412374,35.8563756942749,32.68671979442607,0.9242442332841441,28.325266309335227
2020-03-11,31.959537506103516,41684100,34.24126052856445,35.579193115234375,30.893863548704964,-1.2312823354113718,-0.9310587234355645,39.07691644589896,35.579193115234375,32.08146978456979,0.9745102499113899,29.47739987515619
2020-03-12,28.746444702148438,42380000,33.63462905883789,35.11736431121826,23.01715736210468,-1.5818746426877937,-1.0612219072860103,39.54032008824701,35.11736431121826,30.694408534189513,1.1784740795393849,31.75253928700736
2020-03-13,30.759990692138672,42239300,33.238776779174806,34.7763484954834,34.31868670891589,-1.6779034125183898,-1.1845582083324862,39.43268764615718,34.7763484954834,30.120009344809617,1.2760670802327871,32.31093414246375
2020-03-16,27.041370391845703,44521000,32.40423011779785,34.25325756072998,26.562929450025468,-2.0306602970242125,-1.3537786260708313,39.82693167324762,34.25325756072998,28.67958344821233,1.4848081015507646,33.617187823671784
2020-03-17,28.737882614135742,41307800,31.756472206115724,33.82141809463501,33.90200980172955,-2.1485610372717403,-1.5127351083110132,39.691267192735616,33.82141809463501,27.9515689965344,1.5042139265093812,34.59160546662207
2020-03-18,26.39875030517578,37816500,30.825104331970216,33.25719919204712,29.521302018536666,-2.403045835191577,-1.6907972536871259,39.677354544284974,33.25719919204712,26.83704383980926,1.6109761910417746,35.90024643364955
2020-03-19,26.544408798217773,40757300,29.976848602294922,32.72596817016601,30.126775785194997,-2.563423892975088,-1.8653225815447183,39.51134931409797,32.72596817016601,25.94058702623406,1.574856618805964,37.11541304588935
2020-03-20,26.664369583129883,49851800,29.206564140319824,32.20758981704712,30.655147858122128,-2.6502938882486653,-2.0223168428855076,39.179451504174935,32.20758981704712,25.23572812991931,1.5590660088485888,37.48301273934266
2020-03-23,26.147594451904297,55124600,28.640792274475096,31.728490924835206,29.61617308824314,-2.7293758734952647,-2.163728649007459,38.97780461916972,31.728490924835206,24.479177230500696,1.5152746606788834,38.09586111392332
2020-03-24,27.795772552490234,40806400,28.079612159729002,31.345938777923585,36.955193856342014,-2.628752100368274,-2.2567333392796223,38.57748299076075,31.345938777923585,24.114394565086425,1.5302862133849013,37.68175773704722
2020-03-25,28.70569610595703,48730200,27.754228019714354,30.997744274139404,40.635448601408655,-2.447372027694584,-2.2948610769626145,38.03092740494136,30.997744274139404,23.964561143337445,1.5154062454436594,36.4530016144352
2020-03-26,29.864566802978516,38009500,27.866040229797363,30.750334644317626,45.03613658430589,-2.184929327943461,-2.2728747271587837,37.57431947773409,30.750334644317626,23.926349810901158,1.493005173268548,34.81691559603583
2020-03-27,28.250734329223633,30660100,27.615114593505858,30.426945686340332,40.530244719472634,-2.0831511214528717,-2.2349300060176014,37.078919755206165,30.426945686340332,23.774971617474495,1.510833188494568,33.690966016048435
2020-03-30,28.66277503967285,26917400,27.777255058288574,30.090742588043213,42.1224395703785,-1.9468014030389078,-2.1773042854218625,36.37556431613973,30.090742588043213,23.805920859946696,1.4433850802811565,32.657196891398506
2020-03-31,28.800127029418945,28798700,27.783479499816895,29.769975852966308,42.673419289971335,-1.8068320757201448,-2.103209843481519,35.615316510781724,29.769975852966308,23.92463519515089,1.3776889466261006,31.357170264207223
2020-04-01,27.77860450744629,27389300,27.921464920043945,29.37328462600708,39.65020774071952,-1.7580677945226917,-2.0341814336897537,34.595268316435124,29.37328462600708,24.151300935579037,1.3583802288015023,30.61436068355072
2020-04-02,28.594106674194336,23383500,28.1264347076416,29.05164165496826,43.11495122225429,-1.634772896584412,-1.9542997262686854,33.58858971345865,29.05164165496826,24.51469359647787,1.3269610794054374,29.624054814327188
2020-04-03,28.044708251953125,20830000,28.264468574523924,28.735516357421876,41.39091149444452,-1.5633710940299679,-1.876113999820942,32.574250203840755,28.735516357421876,24.896782511002996,1.2861362863137578,28.809349239105703
2020-04-06,29.426782608032227,24480000,28.592387390136718,28.61658983230591,47.119452158445434,-1.3793623702441913,-1.7767636739055919,32.2068743412445,28.61658983230591,25.02630532336732,1.2960549936353292,27.43863816759022
2020-04-07,29.59846305847168,25931000,28.772656440734863,28.426134300231933,47.80195953771446,-1.2057814553314579,-1.662567230190765,31.315279388104635,28.426134300231933,25.53698921235923,1.2776718254750852,25.48231278247788
2020-04-08,29.941823959350586,20939200,28.896269226074217,28.325248622894286,49.213756285194755,-1.0286532996421762,-1.5357844440810473,30.82903037151184,28.325248622894286,25.82146687427673,1.2238123420592208,23.683046697637764
2020-04-09,29.890323638916016,24956000,28.898844909667968,28.382442569732667,48.999686656889544,-0.8822634220326258,-1.405080239671363,30.97285743770444,28.382442569732667,25.792027701760894,1.1823841751091153,22.26362403904721
2020-04-13,30.001920700073242,25044100,29.07396354675293,28.344539070129393,49.512173505972854,-0.7486138843028236,-1.2737869685976553,30.814052656878886,28.344539070129393,25.8750254833799,1.124294062407724,20.82747366122151
2020-04-14,30.602825164794922,21580400,29.267968559265135,28.522611808776855,52.292125555786626,-0.5874360967668864,-1.1365167942315015,31.101754932064654,28.522611808776855,25.943468685489055,1.104690558175385,20.0797163868882
2020-04-15,29.924663543701172,16109900,29.38042221069336,28.581950855255126,49.01217662962451,-0.5085611378813475,-1.0109256629614707,31.231814298945714,28.581950855255126,25.932087411564538,1.0821953516531566,18.840291478590274
2020-04-16,30.096345901489258,32117900,29.612196350097655,28.7668306350708,49.86943266148501,-0.4272734904080835,-0.8941952284507932,31.294766488906323,28.7668306350708,26.238894781235278,1.034940171044881,17.886656955493187
2020-04-17,30.58564567565918,28173200,29.81135025024414,28.96889247894287,52.32939668105989,-0.3196849129336208,-0.7792931653473587,31.398075385251296,28.96889247894287,26.539709572634443,1.0125212037725349,17.3485021584225
2020-04-20,30.362451553344727,22379500,30.0431245803833,29.153796577453612,51.09765530788584,-0.24955339432277057,-0.6733452111424411,31.409989767989664,29.153796577453612,26.89760338691756,0.9665641555287728,16.746878654705547
2020-04-21,29.521202087402344,17501900,30.052566528320312,29.322476959228517,46.641380834173695,-0.25887135401254824,-0.5904504397164625,31.110252824949523,29.322476959228517,27.53470109350751,0.9625182648514935,15.645321277299685
2020-04-22,30.28520393371582,16567900,30.121240615844727,29.446948528289795,50.83493153619722,-0.20227563265033055,-0.5128154783032361,31.13614160085631,29.446948528289795,27.75775545572328,0.9550833194890392,14.893421925959604
2020-04-23,30.165019989013672,19398700,30.143560218811036,29.51991472244263,50.1669996546961,-0.165216443323974,-0.44329567130738373,31.200780948014508,29.51991472244263,27.83904849687075,0.9254922293516991,14.456130652244882
2020-04-24,30.122098922729492,15272300,30.166737747192382,29.532791328430175,49.9147633019097,-0.1377225601841232,-0.38218104908273165,31.227906720146457,29.532791328430175,27.837675936713893,0.8888172940898899,13.764309888309345
2020-04-27,30.68866539001465,17169500,30.235412216186525,29.654687881469727,53.25580777853084,-0.06941609526053583,-0.3196280583182925,31.313740638939294,29.654687881469727,27.99563512400016,0.8694784229802,13.51366602230343
2020-04-28,30.76592445373535,15768600,30.251722145080567,29.759845352172853,53.7092789981771,-0.008945451331168641,-0.25749153692086774,31.420692968377292,29.759845352172853,28.098997735968414,0.841096637237135,13.62247899325463
2020-04-29,31.598596572875977,14100100,30.419115447998045,29.899768829345703,58.39403459955791,0.1049577629760634,-0.1850016769414815,31.680805001049563,29.899768829345703,28.118732657641843,0.8454000455502273,14.11571878799712
2020-04-30,31.049190521240234,26071100,30.514399909973143,30.0632981300354,54.4765551246023,0.14917480980450648,-0.1181663795922839,31.621979927337463,30.0632981300354,28.504616332733335,0.8401996724495344,14.130610542216731
2020-05-01,30.010498046875,21870700,30.456885147094727,30.134117698669435,47.92985309873294,0.0992591384551531,-0.0746812759827965,31.540631176389304,30.134117698669435,28.727604220949566,0.8617355832051655,13.211828805846315
2020-05-04,30.38821792602539,22859900,30.459461784362794,30.251293182373047,50.27028726050072,0.08915176079509379,-0.04191466862721844,31.282383287546203,30.251293182373047,29.22020307719989,0.8271630329155385,12.3586743363595
2020-05-05,30.52556037902832,14461600,30.55989761352539,30.306232070922853,51.13042076827548,0.09117299379903798,-0.015297136141967156,31.27067732114588,30.306232070922853,29.341786820699827,0.7987375849085352,11.977505844373209
2020-05-06,30.44829559326172,12747300,30.576206779479982,30.348723697662354,50.60019165952444,0.08555399978030565,0.0048730910424874055,31.25799895916736,30.348723697662354,29.43944843615735,0.7649850421416626,11.55696453422533
2020-05-07,30.645736694335938,13151400,30.624278450012206,30.383919334411623,51.97085162627842,0.09592696694783953,0.023083866223557833,31.28189284985131,30.383919334411623,29.485945818971935,0.7354830876465098,11.20223416667877
2020-05-08,31.332473754882812,16327000,30.745315933227538,30.45602684020996,56.49258876069423,0.15774319429425887,0.050015731837698044,31.413514292063855,30.45602684020996,29.49853938835607,0.7362933295482573,11.474176346256408
2020-05-11,31.17796516418457,13167700,30.79424591064453,30.514829063415526,55.232667872475304,0.1920515965835392,0.07842290478686628,31.49765556187056,30.514829063415526,29.532002564960493,0.6984166605932636,11.72669408443564
2020-05-12,31.083541870117188,14340900,30.826007652282716,30.53886489868164,54.433697211163924,0.2092104342169634,0.1045804106728857,31.552164079124676,30.53886489868164,29.525565718238607,0.6908379590509364,12.266848974479084
2020-05-13,30.98910903930664,17270700,30.76505889892578,30.592087173461913,53.59863830533074,0.21273670017031776,0.12621166857237212,31.582309412808947,30.592087173461913,29.60186493411488,0.6887057446322613,12.36594540177118
2020-05-14,31.083541870117188,19407500,30.768494033813475,30.64144697189331,54.3527720448352,0.2206081976039016,0.14509097437867802,31.626306447411615,30.64144697189331,29.656587496375003,0.7002154388545121,11.76187181629617
2020-05-15,30.697240829467773,11522500,30.837168312072755,30.64702672958374,50.72119957837583,0.1934452342581352,0.15476182635456945,31.631822894133034,30.64702672958374,29.662230565034445,0.6894429376466509,11.200946344069376
2020-05-18,31.856111526489258,13599700,30.98395767211914,30.721709728240967,59.46991545796335,0.2624047318634979,0.17629040745635513,31.827916710497075,30.721709728240967,29.61550274598486,0.7278786496985928,11.874521441392817
2020-05-19,31.53850555419922,10852400,31.08525218963623,30.82257490158081,56.50890825132452,0.28810637200566447,0.198653600366217,31.836570029744014,30.82257490158081,29.80857977341761,0.7022529876987521,12.499984031764583
2020-05-20,31.933372497558594,12651500,31.233759880065918,30.90498332977295,59.22698532686883,0.3364590784590433,0.22621469598478225,31.9958739165027,30.90498332977295,29.8140927430432,0.698078537277888,13.359290412026027
2020-05-21,31.607173919677734,12794500,31.329903602600098,30.97709102630615,56.10739522421334,0.3444864225621167,0.24986904130024915,32.05335742845536,30.97709102630615,29.900824624156947,0.6813262344556508,13.657516761067793
2020-05-22,31.006277084350586,12949400,31.297283935546876,31.02129993438721,50.79930591183608,0.29891509079270406,0.2596782511987401,32.023547271096604,31.02129993438721,30.01905259767781,0.6841654808148557,13.0734428746014
2020-05-26,31.693021774291992,16462700,31.348789596557616,31.071517753601075,55.930689139328685,0.31458766833857155,0.2706601346267064,32.102306434415,31.071517753601075,30.040729072787155,0.7107156164589593,13.522726463700968
2020-05-27,31.72734260559082,15722400,31.41316967010498,31.11958866119385,56.17667813942005,0.3260195527491909,0.2817320182512033,32.178184830740925,31.11958866119385,30.06099249164677,0.6918345556652107,13.597948371128622
2020-05-28,31.521337509155273,15888900,31.466392517089844,31.115725708007812,54.22032872918767,0.31482737981963993,0.2883510905648906,32.167845887467955,31.115725708007812,30.06360552854767,0.6779809681621904,13.850422178532343
2020-05-29,32.07072448730469,19256500,31.565110778808595,31.166802406311035,58.3827743627071,0.3462965488033376,0.29994018221258,32.29730702950592,31.166802406311035,30.036297783116147,0.6718617163301025,14.20631674216548
2020-06-01,32.80038070678711,17416900,31.775424766540528,31.30629653930664,63.17213028679337,0.4252116753583586,0.3249944808417357,32.51729361152918,31.30629653930664,30.095299467084097,0.6778295342054313,15.253628991630851
2020-06-02,33.56438446044922,13518600,31.946252059936523,31.465104866027833,67.40225725558714,0.5431402172493449,0.36862362812325755,32.95401457258383,31.465104866027833,29.976195159471835,0.6882769378255255,16.88576292803211
2020-06-03,34.216773986816406,15842100,32.21407890319824,31.649665546417236,70.51649709725095,0.6813872112359682,0.4311763447457997,33.49855422796185,31.649665546417236,29.800776864872624,0.6918450564458852,18.8706528542416
2020-06-04,33.78757858276367,9021900,32.39949951171875,31.816629695892335,66.0461157169269,0.7476974767285611,0.494480571142352,33.79964702441742,31.816629695892335,29.83361236736725,0.6847345599341734,20.242778606774433
2020-06-05,34.56873321533203,15422000,32.69565544128418,32.012779521942136,69.79882036145405,0.853443524635864,0.5662731618410544,34.25310882370072,32.012779521942136,29.772450220183554,0.7087901123075885,22.03906519763669
2020-06-08,34.84342575073242,9854000,33.07937030792236,32.188327121734616,71.01211419657061,0.948479935083661,0.6427145164895757,34.71928661732529,32.188327121734616,29.657367626143945,0.6961783305985209,23.393998981087126
2020-06-09,34.65457534790039,8289400,33.375525665283206,32.36215763092041,68.96094709295684,0.9970647836691597,0.7135845699254925,35.06349018915635,32.36215763092041,29.660825072684467,0.6875328677629085,24.520155481432845
2020-06-10,34.826263427734375,14451800,33.68541774749756,32.54929370880127,69.81458303110108,1.037463189542919,0.7783602938489778,35.385578209063674,32.54929370880127,29.71300920853887,0.6727604233946005,25.73612489325431
2020-06-11,33.04931640625,15532800,33.83821563720703,32.652304077148436,53.434820420347585,0.9155406603564487,0.805796367150472,35.40280121793761,32.652304077148436,29.901806936359264,0.7534702994154541,24.709602543324475
2020-06-12,33.80474090576172,20416800,34.011617279052736,32.788364028930665,57.951443178831916,0.869845582916632,0.818606210303704,35.4836570437845,32.788364028930665,30.093071014076834,0.768325595400369,23.850740029983466
2020-06-15,33.66739273071289,12808400,34.09831848144531,32.93687162399292,56.871346676481636,0.8131752765662483,0.8175200235562128,35.477809532994314,32.93687162399292,30.395933714991532,0.7723085037934967,22.61999347266194
2020-06-16,33.7961540222168,23321700,34.12149543762207,33.0338737487793,57.66790067956895,0.769780065197267,0.8079720318844237,35.55037778788916,33.0338737487793,30.51736970966944,0.7772332662582604,22.097562197639
2020-06-17,34.105186462402344,11793300,34.11033668518066,33.162207794189456,59.596626038016645,0.7516607060460885,0.7967097667167566,35.6217262528745,33.162207794189456,30.702689335504413,0.755440306361641,21.612447442260557
2020-06-18,34.113773345947266,10108700,34.14295616149902,33.27122783660889,59.65163617135612,0.7295836865261478,0.7832845506786349,35.69625932766742,33.27122783660889,30.846196345550354,0.7186486907096018,21.161983740837716
2020-06-19,34.17386245727539,14298700,34.10346908569336,33.39956226348877,60.061427247536635,0.7087659657372569,0.7683808336903593,35.72851773668493,33.39956226348877,31.070606790292608,0.7077851941941598,21.098455504776545
2020-06-22,34.54456329345703,11636800,34.07358283996582,33.57647657394409,62.585974338461114,0.7139502572848073,0.7574947184092489,35.67778130794709,33.57647657394409,31.47517183994109,0.689249855618114,21.089782460521654
2020-06-23,34.889404296875,8474300,34.09706573486328,33.73629570007324,64.81409969461102,0.7373845229319329,0.7534726793137857,35.72340123765757,33.73629570007324,31.74919016248892,0.6800439615918252,21.60633166983173
2020-06-24,34.363529205322266,11226800,34.05079231262207,33.868105030059816,59.03981063348337,0.7053913103899276,0.7438564055290141,35.643097843134676,33.868105030059816,32.093112216984956,0.683810955716397,20.926845966454447
2020-06-25,34.51008224487305,9676800,34.196868896484375,34.0175422668457,60.10647635475058,0.6839775964777104,0.7318806437187534,35.44661081836734,34.0175422668457,32.588473715324064,0.6626778970381523,20.295894956175548
2020-06-26,34.09627151489258,14051900,34.226021957397464,34.118819618225096,55.6960330165922,0.626395311146581,0.710783577204319,35.23435907646538,34.118819618225096,33.00328015998481,0.6529070018675869,19.403273977934784
2020-06-29,34.3204231262207,11001500,34.29132499694824,34.194821739196776,57.5145846946199,0.5920236171481292,0.687031585193081,35.13386143780942,34.194821739196776,33.25578204058413,0.6315181548713424,18.560005161694367
2020-06-30,34.14799880981445,17667800,34.32650947570801,34.22400245666504,55.62319804934479,0.5445928730525651,0.6585438427649779,35.118059358287404,34.22400245666504,33.32994555504268,0.6073467551090556,17.776969832328266
2020-07-01,34.60490798950195,14205900,34.37648162841797,34.243409156799316,59.43050575444382,0.5376744426045903,0.6343699627329004,35.152715825713415,34.243409156799316,33.33410248788522,0.607685444368047,17.74238793454887
2020-07-02,35.423912048339844,10983200,34.50749549865723,34.325225830078125,65.19480936347712,0.5914603329289463,0.6257880367721096,35.3436677081291,34.325225830078125,33.30678395202715,0.6381743708495753,18.749412415654582
2020-07-06,36.98432922363281,14011700,34.78854217529297,34.44600563049316,73.05124155437574,0.751337710181609,0.6508979714540095,35.98911282715975,34.44600563049316,32.90289843382657,0.7052802295156625,20.788975792620615
2020-07-07,36.39809799194336,10095000,34.9738956451416,34.52373924255371,66.93805883312073,0.8212706258979949,0.6849725023428066,36.280882984471276,34.52373924255371,32.76659550063614,0.6973926509068394,22.18678744264597
2020-07-08,37.37227249145508,9999700,35.22218246459961,34.659624099731445,71.24445402441583,0.9444140883046686,0.736860819535179,36.81208782041201,34.659624099731445,32.50716037905088,0.7183943904369589,23.9106198531303
2020-07-09,37.39813995361328,12825400,35.525643539428714,34.78821792602539,71.35116136665945,1.0321949565355624,0.7959276469352556,37.25018759754195,34.78821792602539,32.326248254508826,0.7157279467462588,25.75950439629396
2020-07-10,37.13949966430664,11639100,35.78858528137207,34.99272708892822,68.6096810993252,1.0685739617685286,0.8504569099019103,37.52155055767457,34.99272708892822,32.46390362018187,0.6978578804169947,27.17040679102564
2020-07-13,36.95846176147461,13812300,36.07480430603027,35.15041313171387,66.67847876833176,1.0704567803232123,0.8944568839861706,37.75541772096412,35.15041313171387,32.54540854246362,0.7058950306605272,28.80963182375089
2020-07-14,36.9757080078125,13107100,36.34033279418945,35.31582889556885,66.77442427699697,1.0611087543366153,0.9277872580562596,37.94319826154561,35.31582889556885,32.68845952959209,0.7016581848014692,29.436830133777185
2020-07-15,37.01018524169922,11187400,36.62655143737793,35.47653045654297,66.97912103869548,1.0444427155479161,0.951118349554591,38.105609413111424,35.47653045654297,32.84745149997451,0.6743238914957798,30.1222262066083
2020-07-16,36.484310150146484,10468500,36.81449165344238,35.595486640930176,60.82384933908239,0.9775326469081449,0.9564012090253018,38.18053228400304,35.595486640930176,33.01044099785731,0.6803467569075694,29.699062829861635
2020-07-17,36.648101806640625,8784800,36.93691062927246,35.72220306396484,61.99533911686198,0.9270362563619017,0.9505282184926218,38.25217097858638,35.72220306396484,33.192235149343304,0.650839608554049,29.521836694692645
2020-07-20,37.16537094116211,6068600,36.95501480102539,35.87177848815918,65.50365945948252,0.918172676136642,0.9440571100214259,38.37144274489695,35.87177848815918,33.372114231421406,0.6437620755106185,29.768126816671792
2020-07-21,37.44123458862305,11708700,37.05932846069336,36.01661205291748,67.24050869586291,0.9227709862859683,0.9397998852743343,38.52753873566571,36.01661205291748,33.50568537016925,0.6384204694015452,30.4379096006237
2020-07-22,37.311920166015625,7924600,37.053293228149414,36.13773784637451,65.573811526149,0.9055420618213361,0.9329483205837347,38.65319250334789,36.13773784637451,33.62228318940114,0.6168347626846256,30.532721401675587
2020-07-23,37.06191635131836,10331200,37.01967086791992,36.272657203674314,62.35580478097504,0.8617807248225233,0.9187148014314924,38.6801366160053,36.272657203674314,33.86517779134333,0.6146488506743785,30.237681697417504
2020-07-24,36.96708297729492,10235300,37.00242919921875,36.39550724029541,61.13030749814599,0.8101088585928338,0.8969936128637607,38.678202999423355,36.39550724029541,34.11281148116746,0.6070770470132051,29.37997279720094
2020-07-27,37.48434066772461,11259000,37.05501708984375,36.56491069793701,65.15312008295938,0.8016559146740221,0.877926073225813,38.63269319743767,36.56491069793701,34.49712819843635,0.602508672145232,29.115442678087494
2020-07-28,37.079158782958984,8114600,37.0653621673584,36.702847480773926,59.92157843167466,0.7535753562415266,0.8530559298289557,38.50422572191984,36.702847480773926,34.901469239628014,0.5896452742761716,28.854927484817303
2020-07-29,37.73435592651367,10379200,37.137779235839844,36.882165336608885,64.83825407967785,0.7595840885082694,0.8343615615648184,38.30473188423146,36.882165336608885,35.45959878898631,0.5992537453577936,29.033630734134515
2020-07-30,37.294681549072266,10312000,37.21881637573242,37.0166540145874,59.558110789384244,0.720561816288793,0.8116016125096134,37.99040987953294,37.0166540145874,36.042898149641864,0.6118709769632745,28.33855455129127
2020-07-31,37.079158782958984,13362600,37.26192207336426,37.09941635131836,57.10327692252062,0.6645845810275901,0.7821982062132087,37.74301408437442,37.09941635131836,36.4558186182623,0.6088080171445643,27.463117996571082
2020-08-03,37.3636474609375,13509600,37.2817497253418,37.11838226318359,59.47756414087259,0.6358484128294606,0.752928247536459,37.7696071285039,37.11838226318359,36.46715739786328,0.5911844654955247,26.714839316831558
2020-08-04,37.78607940673828,10605300,37.31623420715332,37.18778133392334,62.77251738785159,0.6397864600562926,0.7302998900404257,37.81246598233067,37.18778133392334,36.56309668551601,0.5797464002717447,26.45593409589298
2020-08-05,38.17402267456055,12702000,37.402444458007814,37.22786884307861,65.54342454546412,0.6665278522106419,0.7175454824744689,37.983864792373495,37.22786884307861,36.471872893783726,0.5771304066205849,26.80291561345363
2020-08-06,38.22575378417969,8029700,37.51882820129394,37.269249534606935,65.90782696070129,0.6840100245836922,0.7108383908963136,38.13990265137732,37.269249534606935,36.39859641783655,0.5617698555398188,26.75691830646596
2020-08-07,37.44986343383789,8387500,37.56710624694824,37.2847677230835,56.29195434190832,0.6280175103235308,0.6942742147817571,38.15667991097729,37.2847677230835,36.412855535189706,0.5930746046789618,25.579092680287584
2020-08-10,37.44123458862305,6852100,37.562795639038086,37.308906364440915,56.1937621783567,0.5763034957114144,0.6706800709676886,38.17001113580106,37.308906364440915,36.44780159308077,0.5753435727274143,24.414791597713393
2020-08-11,37.303306579589844,10318000,37.58521041870117,37.325286293029784,54.55560946161824,0.5182164522524104,0.6401873472246329,38.172770960479816,37.325286293029784,36.47780162557975,0.5644214000757432,23.53956923889059
2020-08-12,37.76022720336914,8539800,37.58779754638672,37.362788391113284,58.836655587737184,0.5032505682227395,0.6127999914242542,38.217529063309435,37.362788391113284,36.50804771891713,0.5610532826996603,22.934457145032326
2020-08-13,37.6136589050293,9935300,37.61969528198242,37.41925582885742,56.982297728075324,0.4740980533094472,0.5850596038012928,38.178248404305606,37.41925582885742,36.66026325340924,0.5425314432843082,22.220371801402024
2020-08-14,37.6653938293457,9409400,37.67831878662109,37.470120429992676,57.49156891163397,0.44998193953869503,0.5580440709487733,38.14754347126884,37.470120429992676,36.79269738871651,0.5154793526652719,21.55729255374532
2020-08-17,38.07057571411133,6255500,37.74901161193848,37.515380668640134,61.35073943082181,0.4582817507305066,0.5380916069051199,38.22548128087726,37.515380668640134,36.80528005640301,0.5094482557127139,21.544484034695596
2020-08-18,38.20851516723633,8910600,37.791255187988284,37.5537446975708,62.595722167487445,0.4705655848112116,0.5245864024863383,38.324032463946686,37.5537446975708,36.78345693119491,0.498306460333477,21.82882293043644
2020-08-19,37.76884078979492,7516500,37.750736999511716,37.57659072875977,56.3634417546131,0.43975336106360174,0.5076197942017909,38.343932193446854,37.57659072875977,36.80924926407268,0.4971975903594715,21.57306127935456
2020-08-20,37.6653938293457,8194300,37.69470100402832,37.60676460266113,54.976523497680176,0.40234911642706095,0.4865656586468449,38.33736047449462,37.60676460266113,36.87616873082764,0.5060198355845145,20.165054185193082
2020-08-21,37.906776428222656,9016600,37.7403923034668,37.65374927520752,57.59837885822287,0.3877142133723481,0.46679536959194556,38.3327949237856,37.65374927520752,36.974703626629434,0.499433433585442,19.255290683814874
2020-08-24,38.286102294921875,6431200,37.82487907409668,37.693837356567386,61.40222670936893,0.402089338939426,0.45385416346144164,38.421098649936475,37.693837356567386,36.966576063198296,0.5025542394490691,19.200932186172178
2020-08-25,38.639564514160156,8753300,37.958504867553714,37.77185764312744,64.58996228929178,0.4369661033663732,0.45047655144242793,38.55152061513883,37.77185764312744,36.99219467111605,0.4931364789371346,19.424245181032408
2020-08-26,38.674049377441406,9533100,38.049887084960936,37.81884231567383,64.89458643526551,0.4620624622718452,0.4527937336083114,38.69151225411098,37.81884231567383,36.94617237723667,0.4689966759795029,19.72764521456489
2020-08-27,38.44989776611328,9293300,38.133510971069335,37.87660312652588,61.208642516325085,0.45857814242207695,0.4539506153710645,38.755753210884066,37.87660312652588,36.99745304216769,0.47613901386894736,19.37857400979191
2020-08-28,38.915435791015625,10728400,38.258515167236325,37.96841697692871,65.58118596714364,0.48775923692033984,0.46071233968091957,38.87827240669187,37.96841697692871,37.058561547165546,0.47722909384769424,19.2064605439335
2020-08-31,38.096439361572266,10682700,38.26110153198242,38.00505657196045,54.04053453008506,0.4397303594699906,0.45651594363873377,38.87257935325835,38.00505657196045,37.13753379066255,0.515804179429871,17.96152329125327
2020-09-01,38.863712310791016,14007900,38.32662124633789,38.05893821716309,60.97003301351022,0.45829668380446265,0.45687209167187953,38.99640852874576,38.05893821716309,37.12146790558042,0.5337662344147909,17.490235349849524
2020-09-02,38.7602653503418,16252400,38.42576370239258,38.08825035095215,59.66388941326854,0.4593680158961533,0.45737127651673426,39.073713106935365,38.08825035095215,37.10278759496894,0.5313559894889192,16.875087923062416
2020-09-03,38.07918930053711,24019500,38.46714324951172,38.08092212677002,51.79639271929178,0.40064156252606864,0.44602533371860115,39.0643635402003,38.08092212677002,37.09748071333974,0.5660660322867177,16.13063032553035
2020-09-04,38.010223388671875,20440200,38.47748794555664,38.10894012451172,51.06213664299929,0.34456353842605125,0.4257329746600912,39.049880945386555,38.10894012451172,37.16799930363688,0.590906516828287,15.95084272728347
2020-09-08,37.303306579589844,12380900,38.379208374023435,38.10204372406006,44.152959025550636,0.24030889046164816,0.3886481578204026,39.06424034234621,38.10204372406006,37.13984710577391,0.6115088065093153,16.134912008703804
2020-09-09,37.78607940673828,14665800,38.29385986328125,38.12618236541748,49.20754694057396,0.19440112809155607,0.3497987518746333,39.02943322812874,38.12618236541748,37.22293150270622,0.6103184743162858,15.711079693734279
2020-09-10,37.21708679199219,17578000,38.148163604736325,38.099025344848634,44.13718760080606,0.11082838627665126,0.3020046787550369,39.07443214312343,38.099025344848634,37.12361854657384,0.6153717278153527,15.8136586874336
2020-09-11,37.49296569824219,12849800,38.05247039794922,38.092990684509275,46.989302963405045,0.06609559946979715,0.25482286289798894,39.08173650446949,38.092990684509275,37.10424486454906,0.6120590956117464,15.908910610154399
2020-09-14,38.113677978515625,9573000,37.972294616699216,38.11540489196777,52.82523902819089,0.07981082761193647,0.21982045584077844,39.08449027954851,38.11540489196777,37.14631950438703,0.6169876883287586,15.24733708905612
2020-09-15,38.54473114013672,8892600,38.017123794555665,38.139112663269046,56.41380663375134,0.12403285882000858,0.20066293643662447,39.12569288260061,38.139112663269046,37.15253244393748,0.6098646872835023,14.461107993015855
2020-09-16,38.406795501708984,8966300,37.97143211364746,38.14902667999267,54.97272356376671,0.1462628567429789,0.18978292049789536,39.14216053660761,38.14902667999267,37.155892823377734,0.5897029937529467,13.897159842493775
2020-09-17,38.337833404541016,8176800,37.929188919067386,38.17747631072998,54.22689840441174,0.15651145868355343,0.18312862813502698,39.15793470598417,38.17747631072998,37.19701791547579,0.5759072880957008,13.129135467326737
2020-09-18,38.03608703613281,8180300,37.924878692626955,38.196010971069335,50.968473775487055,0.13868644838012045,0.17424019218404568,39.150724028555686,38.196010971069335,37.24129791358298,0.5643289226913157,12.36912697464206
2020-09-21,37.719234466552734,11789400,37.89577980041504,38.18663387298584,47.725501189263056,0.09786452366442688,0.15896505848012193,39.15609616991047,38.18663387298584,37.217171576061205,0.591421242977405,13.014832355868974
2020-09-22,37.388431549072266,7874800,37.904292297363284,38.14175033569336,44.53924097259106,0.038377432265775724,0.13484753323725268,39.16997483164029,38.14175033569336,37.11352583974643,0.5914593997382153,13.614415924151107
2020-09-23,36.80519485473633,12848800,37.806203842163086,38.05003185272217,39.5285069946525,-0.05519261703649647,0.09683950318250284,39.203855415087304,38.05003185272217,36.89620829035704,0.5908720636380524,14.585656717843388
2020-09-24,36.700721740722656,13662200,37.754567337036136,37.95136547088623,38.688874923480725,-0.13620754661587142,0.05023009322282798,39.20779556241089,37.95136547088623,36.694935379361574,0.5928141765526755,16.054917708352466
2020-09-25,36.6920280456543,11081400,37.67447357177734,37.86347198486328,38.61536883014487,-0.19882207342435976,0.00041965989339043386,39.21076362945575,37.86347198486328,36.516180340270814,0.5896433554741368,17.584968079331652
2020-09-28,37.05763244628906,7950600,37.568869018554686,37.770581817626955,43.478774590085656,-0.21644823684562198,-0.04295391945441205,39.07028576291871,37.770581817626955,36.4708778723352,0.587320099870735,17.838668924253618
2020-09-29,37.04022216796875,13454500,37.41841812133789,37.717770957946776,43.30282991971006,-0.22918011657905168,-0.08019915887933998,39.04574792069416,37.717770957946776,36.38979399519939,0.564022413687568,18.074248280252586
2020-09-30,37.64087677001953,13773800,37.34182624816894,37.656629180908205,50.71310096840232,-0.18862802997778516,-0.10188493309902902,38.876102744535004,37.656629180908205,36.437155617281405,0.5709915322440707,17.288932645288106
2020-10-01,37.9716682434082,19828700,37.305209732055665,37.61719932556152,54.25874375892119,-0.12831892117396393,-0.107171730714016,38.738423781992054,37.61719932556152,36.49597486913099,0.5563216150431755,16.06798444516227
2020-10-02,37.55381774902344,11787700,37.25698280334473,37.59093074798584,49.4221824000123,-0.11293867398600099,-0.108325119368413,38.69206680973362,37.59093074798584,36.489794686238056,0.5594884196529517,15.420154722515848
2020-10-05,38.04132080078125,6401600,37.28919143676758,37.59248561859131,54.516246086850074,-0.06071244002060894,-0.0988025834988522,38.696070654831466,37.59248561859131,36.48890058235116,0.5543466076604417,14.526696210985639
2020-10-06,38.15447998046875,10749600,37.36579627990723,37.63504428863526,55.63326089211178,-0.010075627679256627,-0.08105719233493308,38.756247927527866,37.63504428863526,36.51384064974265,0.5427311658067409,13.907013231082862
2020-10-07,38.51139450073242,8247700,37.53641624450684,37.67131004333496,59.04930169621254,0.05818372409274275,-0.05320900904939792,38.85489459776247,37.67131004333496,36.48772548890746,0.5356763869082216,13.61986157807201
2020-10-08,38.79866409301758,7747200,37.74621047973633,37.75038890838623,61.611301283118934,0.13391630365089924,-0.015783946509338488,39.01085715794477,37.75038890838623,36.489920658827685,0.520420274948279,13.713844094599876
2020-10-09,39.06852340698242,8708500,37.98386001586914,37.82916679382324,63.896378836982784,0.21325207275319258,0.030023257343167728,39.20691813447331,37.82916679382324,36.45141545317317,0.5093626068239702,14.265124348284344
2020-10-12,39.451541900634766,8960200,38.22325096130371,37.8960599899292,66.90728339394073,0.3035336853867676,0.0847253429518877,39.442194147277256,37.8960599899292,36.34992583258114,0.5071777917134304,15.287318099055499
2020-10-13,39.27743911743164,13170600,38.44697265625,37.932695388793945,64.28298674605703,0.3569195281303479,0.13916417998757974,39.570574819422475,37.932695388793945,36.294815958165415,0.49582263339239946,15.98383682106944
2020-10-14,39.10334396362305,9391400,38.59321937561035,37.96752281188965,61.67782765585431,0.380790651592811,0.187489474308626,39.67249397452384,37.96752281188965,36.262551649255464,0.48465663703169454,16.67898106117291
2020-10-15,38.789955139160156,8102500,38.67504806518555,37.990128898620604,57.18517192198348,0.3701539258402349,0.2240223646149478,39.72585224188923,37.990128898620604,36.25440555535198,0.4929425149809776,16.08240254457047
2020-10-16,38.946651458740234,4824700,38.814331436157225,38.03565711975098,58.80109154628056,0.3701020217459998,0.2532382960411582,39.8208766861386,38.03565711975098,36.25043755336336,0.4757644575044003,15.851576276683096
2020-10-19,38.824771881103516,8547500,38.892676544189456,38.09093399047852,56.999109541534565,0.3561210818977685,0.2738148532124803,39.90181845191945,38.09093399047852,36.28004952903758,0.4766017917617331,15.951357319040426
2020-10-20,39.21649932861328,17041500,38.998878479003906,38.18233737945557,61.12290068081067,0.3723579073804473,0.29352346404607366,40.02639858903302,38.18233737945557,36.338276169878114,0.4835969398291984,16.285133619225114
2020-10-21,39.29484558105469,12939500,39.07722358703613,38.306819915771484,61.90967965529143,0.387085515490341,0.3122358743349271,40.09757638450895,38.306819915771484,36.51606344703402,0.46957335511855636,16.743309787814745
2020-10-22,39.303550720214844,10713600,39.12771224975586,38.4369613647461,62.00169606364403,0.3949074359027236,0.3287701866484864,40.1167963962554,38.4369613647461,36.75712633323679,0.45655169127213907,16.950006095970302
2020-10-23,39.486358642578125,7445600,39.16949577331543,38.57667789459229,63.97011488030452,0.41111831965191215,0.3452398132491715,40.111295557062824,38.57667789459229,37.04206023212175,0.45067798461116976,17.2775206698613
2020-10-26,38.9727668762207,9128300,39.12161827087402,38.672434616088864,55.30239342517468,0.3781637620861247,0.35182460301656215,40.046571236877405,38.672434616088864,37.298297995300324,0.4775564263735941,16.469325374602008
2020-10-27,39.11204147338867,14578400,39.105078506469724,38.77602558135986,57.00375600345967,0.35914533001139404,0.35328874841552854,39.93841727217952,38.77602558135986,37.6136338905402,0.46396454531714365,15.736625085743361
2020-10-28,38.13706970214844,12620700,39.00845108032227,38.80083522796631,44.2934289918381,0.26237649885663217,0.3351062985037493,39.883716905235055,38.80083522796631,37.717953550697565,0.5004650614545073,15.771989891077684
2020-10-29,38.53750991821289,11452300,38.983206558227536,38.82912731170654,49.29424456127872,0.21551436634043597,0.31118791207108665,39.851768707822764,38.82912731170654,37.80648591559032,0.5032691140818605,15.53265873403889
2020-10-30,38.13706970214844,14105600,38.90224838256836,38.858289909362796,44.94877278262448,0.1443990673173019,0.2778301431203297,39.7598992746072,38.858289909362796,37.95668054411839,0.509603720667713,15.750378803255938
2020-11-02,38.62455749511719,13291200,38.88222694396973,38.88745174407959,50.65200402155972,0.12592429438993946,0.24744897337425167,39.71626792424221,38.88745174407959,38.05863556391697,0.5080240115463585,15.337767651986216
2020-11-03,38.72901916503906,10498200,38.833478927612305,38.916178703308105,51.80423813245119,0.11834784716836566,0.22162874813307448,39.67854735620733,38.916178703308105,38.15381005040888,0.496608409169677,14.559601392910638
2020-11-04,39.97385025024414,16731400,38.90137939453125,38.98930149078369,62.9162558926551,0.21036595546220127,0.21937618959889985,39.85577824456299,38.98930149078369,38.122824737004386,0.5575145771890782,15.2428308685771
2020-11-05,40.6528434753418,14643200,39.036308670043944,39.082010459899905,67.33955111202678,0.3342272838430844,0.24234640844773675,40.20566877825644,39.082010459899905,37.95835214154337,0.5736530760767398,16.614180954146594
2020-11-06,40.80083084106445,10405400,39.167755889892575,39.168625831604004,68.2290321165237,0.4392660371468011,0.2817303341875496,40.51897076767531,39.168625831604004,37.818280895532695,0.567498128508336,18.08140600033308
2020-11-09,41.10551452636719,15498100,39.38103065490723,39.25132446289062,70.03825029962763,0.5408607271707666,0.333556412784193,40.84203953940952,39.25132446289062,37.660609386371725,0.6239626042899751,20.391068000205113
2020-11-10,40.64413833618164,13534000,39.534240341186525,39.31965942382813,64.08683842147275,0.5774891132753552,0.3823429528824255,41.02246460622787,39.31965942382813,37.616854241428385,0.6260285798610159,21.425278402327592
2020-11-11,40.818241119384766,8907700,39.80235748291015,39.405404281616214,65.28559142609564,0.6134940353703655,0.4285731693800135,41.22472495446247,39.405404281616214,37.58608360876996,0.6136455317450459,22.30962395699936
2020-11-12,40.51356887817383,9333100,39.99996337890625,39.4915849685669,61.4218268579095,0.6104072965690577,0.46493999481782233,41.349021237367396,39.4915849685669,37.6341486997664,0.6152045947725797,23.301159951218192
2020-11-13,41.027164459228516,7870500,40.28897285461426,39.59561061859131,65.16455085468164,0.6420032906228883,0.5003526539788355,41.549835405458566,39.59561061859131,37.64138583172405,0.6104338008892997,24.229889519047422
2020-11-16,41.505950927734375,10332300,40.57711219787598,39.72966957092285,68.25633057610912,0.6976355023621323,0.5398092236554949,41.81728755664496,39.72966957092285,37.64205158520074,0.6109791043477494,25.60511018337751
2020-11-17,41.445011138916016,9620200,40.84871139526367,39.84109516143799,67.43593693365405,0.7284104372109397,0.5775294663665839,42.042071491360964,39.84109516143799,37.64011883151502,0.5946965595541683,26.55843294835791
2020-11-18,41.30573272705078,8092000,40.981899642944335,39.941639518737794,65.49828042322324,0.7331103511777499,0.6086456433288171,42.2161097983083,39.941639518737794,37.667169239167286,0.5783334406056808,27.524526464866675
2020-11-19,41.41019821166992,6457800,41.057635116577146,40.04697189331055,66.28087246220612,0.7367715150110783,0.6342708176652694,42.38764207086107,40.04697189331055,37.70630171576003,0.5618955037921078,28.01888250842654
2020-11-20,41.69746398925781,6578200,41.147298431396486,40.157527160644534,68.40329675097728,0.7541594801580374,0.658248550163823,42.58894946043316,40.157527160644534,37.726104860855905,0.5503622376651195,28.826780632979958
2020-11-23,41.68875503540039,10310200,41.2056224822998,40.29332656860352,68.26301276030333,0.7584933883824618,0.6782975178075508,42.74816848972149,40.29332656860352,37.838484647485544,0.5458711611003327,29.852477824070775
2020-11-24,42.245880126953125,8058800,41.365796661376955,40.45001850128174,72.19193363011215,0.7976881284726716,0.702175639940575,42.98210175327465,40.45001850128174,37.91793524928883,0.5466750132755043,30.943160367182447
2020-11-25,42.05436706542969,7539900,41.48940925598144,40.6458833694458,69.02844666524194,0.8040283999492033,0.7225461919423006,43.03394405591822,40.6458833694458,38.25782268297338,0.5424472830268613,31.84526933185185
2020-11-27,42.44609451293945,4810600,41.682661819458005,40.84131259918213,71.75485826271031,0.8310820454948527,0.7442533626528111,43.14547574817797,40.84131259918213,38.53714945018629,0.5378996555350597,33.1281192641154
2020-11-30,41.40148162841797,12958600,41.72009353637695,41.004533195495604,57.27539176216834,0.759475958818129,0.7472978818858746,42.95460393882253,41.004533195495604,39.05446245216868,0.5759589985886171,32.293837013453114
2020-12-01,42.26329040527344,14525400,41.79582748413086,41.186469841003415,63.770720860194906,0.7634676057713605,0.7505318266629718,42.875969532574864,41.186469841003415,39.49697014943197,0.6075691383930667,32.073444746929546
2020-12-02,42.245880126953125,11283000,41.87591438293457,41.36231288909912,63.56049322056958,0.756505624848522,0.7517265863000818,42.684199178989914,41.36231288909912,40.04042659920833,0.5915301631219742,31.868794785157657
2020-12-03,42.66372299194336,9625700,42.01171340942383,41.49680652618408,66.42151731868321,0.7757621290267309,0.7565336948454117,42.772814818082765,41.49680652618408,40.2207982342854,0.5928034557123782,32.21485347838004
2020-12-04,42.95099639892578,13482300,42.16579322814941,41.61171417236328,68.26626644989508,0.8049249367999778,0.7662119432363249,42.974014067156055,41.61171417236328,40.2494142775705,0.5722234959324134,32.647128918928296
2020-12-07,42.95099639892578,11203600,42.291146469116214,41.719222450256346,68.26626644989508,0.8186003567157698,0.7766896259322139,43.146407758886944,41.719222450256346,40.29203714162575,0.5487605264998846,33.13638063076974
2020-12-08,43.07286834716797,7361100,42.42955780029297,41.817590141296385,69.10146893075309,0.829707916831893,0.7872932841121497,43.3306324587103,41.817590141296385,40.30454782388247,0.5244862535384694,33.60915350054524
2020-12-09,42.567970275878906,10921800,42.46176681518555,41.91378173828125,61.839996357454815,0.7886782911011565,0.7875702855099511,43.35929272144666,41.91378173828125,40.468270755115846,0.5361446769137259,32.944946046835994
2020-12-10,43.14250564575195,8627300,42.570580673217776,42.02999496459961,66.19346857931151,0.7933766675002687,0.7887315619080146,43.478232025717425,42.02999496459961,40.581757903481794,0.5463484279502616,32.46748132028165
2020-12-11,42.85524368286133,6862100,42.61149559020996,42.14707870483399,62.362596949393534,0.7651009178672723,0.7840054330998661,43.45812929522499,42.14707870483399,40.83602811444298,0.5346820171247307,32.02412121705262
2020-12-14,42.698551177978516,7073600,42.74120254516602,42.230648040771484,60.31217960539313,0.7217287669918804,0.771550099878269,43.45576073320233,42.230648040771484,41.005535348340636,0.5201186595697774,31.393305588860727
2020-12-15,43.09897994995117,9327100,42.82477149963379,42.310299491882326,63.605371937354896,0.7114659437911257,0.7595332686608403,43.543703956877344,42.310299491882326,41.07689502688731,0.5128129969654497,30.988017121340505
2020-12-16,43.334014892578125,11855500,42.933584976196286,42.40474967956543,65.41916272922845,0.7140666225323855,0.7504399394351493,43.64791381998523,42.40474967956543,41.16158553914563,0.49608086343177543,31.012671952895232
2020-12-17,43.68221664428711,8853900,43.035434341430665,42.523573875427246,67.9662340554514,0.7357434578929798,0.7475006431267154,43.778084552441825,42.523573875427246,41.26906319841267,0.4867616846147379,31.482996311543705
2020-12-18,43.5516357421875,10548800,43.09549827575684,42.630645751953125,66.00286568254444,0.7339254824907044,0.7447856109995132,43.851874910801044,42.630645751953125,41.409416593105206,0.46567273332294323,31.842040578162873
2020-12-21,42.96574783325195,9401200,43.09697341918945,42.69405994415283,57.91850825988727,0.6773998226166782,0.7313084533229463,43.8445416953611,42.69405994415283,41.543578192944565,0.4967796163331983,30.07945171403261
2020-12-22,42.65047073364258,8976600,43.05473365783691,42.742145729064944,54.07983913387865,0.6002433709218451,0.705095436842726,43.796949834556855,42.742145729064944,41.68734162357303,0.48631743576094905,28.36959607043223
2020-12-23,43.08835983276367,9989700,43.10677261352539,42.78426971435547,58.221482746730544,0.567884103331032,0.6776531701403872,43.82361129053195,42.78426971435547,41.744928138178985,0.4897394329219133,27.291990792538122
2020-12-24,42.843135833740234,5756600,43.07683563232422,42.823708152771,55.21794506613469,0.5164977586773105,0.6454220878477719,43.80765470563331,42.823708152771,41.839761599908684,0.48791296599781236,25.455274124367683
2020-12-28,42.93071746826172,9984800,43.08438301086426,42.84793930053711,56.08922101118509,0.4773383568314955,0.6118053416445166,43.81725556024126,42.84793930053711,41.878623040832956,0.4699521040567643,23.886130312624832
2020-12-29,43.39488220214844,11728500,43.15401611328125,42.94760932922363,60.47791528688343,0.4782455466147013,0.5850933826385536,43.683285141609964,42.94760932922363,42.2119335168373,0.4739175997550906,23.139517018380474
2020-12-30,43.99917221069336,7124900,43.24403533935547,43.03440341949463,65.33536952393307,0.5217116869086666,0.5724170434925762,43.833518220575705,43.03440341949463,42.235288618413556,0.49073653075813833,23.418838153797598
2020-12-31,43.88532257080078,8787500,43.29916610717773,43.11637554168701,63.74575767429291,0.5407389003451684,0.5660814148630946,43.91146398574588,43.11637554168701,42.321287097628144,0.49446862392578755,23.357578436309886
2021-01-04,44.08674240112305,24105400,43.33961868286133,43.18752651214599,65.3518766194748,0.565551673401238,0.5659754665707233,44.058881373100455,43.18752651214599,42.31617165119153,0.5204533285495123,23.99137491661299
2021-01-05,45.11140441894531,15242700,43.49559555053711,43.29554691314697,72.11882720695445,0.6602862671215775,0.5848376266808941,44.496237383976776,43.29554691314697,42.094856442317166,0.5564682349261376,24.996359887533437
2021-01-06,44.68227767944336,20028000,43.66724853515625,43.38211097717285,66.28049685011614,0.6927515648382467,0.6064204143123646,44.71348083197924,43.38211097717285,42.05074112236646,0.5630118184478791,26.10754151926209
2021-01-07,45.032588958740234,12432000,43.905460357666016,43.48009700775147,68.52084880649379,0.7382377939922193,0.6327838902483356,44.9833700881387,43.48009700775147,41.97682392736424,0.5509468982299709,27.139353034438695
2021-01-08,45.94339370727539,16257000,44.19096374511719,43.64886817932129,73.45846155034052,0.8381189757596204,0.6738509073505925,45.43578345761037,43.64886817932129,41.86195290103221,0.5785278631000469,28.947956501500823
2021-01-11,45.40917205810547,11278200,44.44756736755371,43.76220149993897,66.83647312435778,0.8642062774867938,0.7119219813778328,45.688374335274766,43.76220149993897,41.83602866460317,0.5803674644276519,30.468531540245454
2021-01-12,45.908363342285156,14721300,44.74533195495606,43.91485748291016,69.59467722933202,0.9146180690026213,0.7524611989027905,46.00617621264863,43.91485748291016,41.82353875317168,0.5833271619668923,32.239107998095506
2021-01-13,46.0572395324707,15715800,45.01156768798828,44.08279190063477,70.38573745336146,0.9555676522392034,0.7930824895700731,46.292517249745174,44.08279190063477,41.87306655152436,0.5754410565071298,34.07880128459082
2021-01-14,46.51266098022461,9727400,45.262916564941406,44.253475952148435,72.72360457876759,1.0130909152540468,0.8370841747068678,46.65214839636976,44.253475952148435,41.85480350792711,0.5900137671388928,36.146783080585436
2021-01-15,45.978424072265625,9889700,45.47222671508789,44.38569641113281,66.12862456984989,1.003996613958364,0.8704666625571671,46.85747875813978,44.38569641113281,41.91391406412585,0.5922851782174968,36.678788687272025
2021-01-19,46.810428619384766,10475200,45.74459533691406,44.542107009887694,70.60018567047808,1.0518006253748595,0.9067334551207056,47.20457567059324,44.542107009887694,41.879638349182144,0.6269235090373527,37.77515055999134
2021-01-20,47.62489318847656,8069100,45.99594421386719,44.74576988220215,74.19198539315428,1.1422391113366999,0.9538345863639044,47.68300200873789,44.74576988220215,41.80853775566641,0.6453236295586049,39.19292299584833
2021-01-21,47.6336555480957,13484300,46.29108200073242,44.97916526794434,74.22846426378212,1.2007774967027842,1.0032231684316804,48.052228880321096,44.97916526794434,41.90610165556758,0.6242512176086308,40.54545866875658
2021-01-22,47.29209518432617,7062500,46.517032623291016,45.211246490478516,70.07075006750814,1.2057098494187812,1.0437205046291005,48.24664407615069,45.211246490478516,42.175848904806344,0.6234513609229683,40.95913856838849
2021-01-25,47.5285530090332,8700600,46.6755485534668,45.43325614929199,71.27047983718423,1.214696677598333,1.077915739222947,48.46461520037205,45.43325614929199,42.40189709821193,0.6283381633089554,41.634179128321854
2021-01-26,47.230796813964844,8155500,46.85771102905274,45.65263919830322,67.59596364360894,1.1841423117210397,1.0991610537225656,48.533803519582904,45.65263919830322,42.771474877023536,0.6228663727503119,42.013196769352746
2021-01-27,46.03097915649414,10388300,46.86997261047363,45.80765228271484,55.23752000963227,1.0509972568141421,1.0895282943408808,48.40608416844081,45.80765228271484,43.20922039698887,0.6659540117310747,40.528474640232794
2021-01-28,46.249916076660156,13367000,46.88924026489258,45.95040397644043,56.789964496368114,0.9521692073497405,1.0620564769426528,48.305221090541515,45.95040397644043,43.59558686233934,0.6634257938309542,38.81078171253578
2021-01-29,45.26029586791992,22707500,46.76400375366211,46.01346015930176,48.58723550582099,0.7849448304926554,1.0066341476526532,48.21869213613161,46.01346015930176,43.80822818247191,0.6979854388759773,36.20181601898746
2021-02-01,46.407562255859375,14517800,46.80691757202148,46.13957214355469,56.44202951712335,0.7365031664032955,0.9526079514027816,48.12065783446462,46.13957214355469,44.15848645264475,0.7344558141265941,34.66062031726659
2021-02-02,47.13444900512695,8347500,46.8393196105957,46.291957473754884,60.554034218726294,0.748142364948329,0.9117148341118911,48.07716036500897,46.291957473754884,44.5067545825008,0.7364174508695214,33.90735281041115
2021-02-03,47.30961227416992,8442500,46.807791519165036,46.40186786651611,61.49730857549965,0.7627086945018746,0.8819136061898878,48.15315634666788,46.40186786651611,44.65057938636435,0.7075871920713793,33.462951352548046
2021-02-04,47.37968444824219,7187100,46.78239440917969,46.53673820495605,61.889919638406155,0.7710190270467194,0.8597346903612542,48.147352460187555,46.53673820495605,44.92612394972455,0.680190791282189,32.95331651085643
2021-02-05,47.7299919128418,6459000,46.82618408203125,46.67160835266113,63.87322298844983,0.7966881847402618,0.8471253892370557,48.205751873810385,46.67160835266113,45.13746483151188,0.6585047008020843,32.81089126612287
2021-02-08,47.97521209716797,6861100,46.870849990844725,46.773199272155765,65.23704432878993,0.8272820046488008,0.8431567123194047,48.36885923416965,46.773199272155765,45.17753931014188,0.6339889482933314,32.94078712937428
2021-02-09,48.50943374633789,7816900,46.998713684082034,46.928212356567386,68.06543394956205,0.8844397785320197,0.8514133255619277,48.56552798611271,46.928212356567386,45.29089672702206,0.6293649974570569,33.47028539775068
2021-02-10,48.614532470703125,9137500,47.25706901550293,47.06352081298828,68.60658896890513,0.9275263682356751,0.8666359340966772,48.78639215476614,47.06352081298828,45.34064947121042,0.6288250806220328,34.26935562962338
2021-02-11,49.122474670410156,7932200,47.54432487487793,47.216782569885254,71.15103068746723,0.9912331724731658,0.8915553817719749,49.09286007097775,47.216782569885254,45.34070506879276,0.6339529154430181,35.262272009255945
2021-02-12,49.21005630493164,7561200,47.9393009185791,47.35165233612061,71.57877110375739,1.0368363754418866,0.9206115805059573,49.38693560109587,47.35165233612061,45.316369071145346,0.6199484083307623,36.079450434635284
2021-02-16,49.350181579589844,7423300,48.23356285095215,47.520240211486815,72.28675834129571,1.0719276660545916,0.9508747976156842,49.6298285922561,47.520240211486815,45.410651830717526,0.6050676767978055,37.04922565627636
2021-02-17,49.4727897644043,6377000,48.467396926879886,47.65335826873779,72.92235432893578,1.0969858524622254,0.9800970085849924,49.89862104170594,47.65335826873779,45.40809549576964,0.5868709261022983,37.759833071144286
2021-02-18,48.83346939086914,5971700,48.61978263854981,47.71378707885742,64.60231016258702,1.053117155576949,0.9947010379833837,50.01703885737864,47.71378707885742,45.41053530033621,0.6256483467425207,36.87747315273005
2021-02-19,49.0962028503418,7144800,48.79143447875977,47.78691444396973,66.3037926939236,1.027704553296246,1.0013017410459562,50.166937294648754,47.78691444396973,45.4068915932907,0.6153647753541633,36.527778581656754
2021-02-22,47.70371627807617,10568800,48.7888069152832,47.807495498657225,52.029295088000424,0.8850011120887942,0.9780416152545237,50.17714307108777,47.807495498657225,45.43784792622668,0.6721246174939722,34.33694528838627
2021-02-23,47.97521209716797,8986900,48.7888069152832,47.82982845306397,54.10398983381861,0.7847687250636284,0.9393870372163446,50.19695721236115,47.82982845306397,45.46269969376679,0.7098169507860576,32.334063457487325
2021-02-24,47.66868591308594,10751500,48.70473213195801,47.85172290802002,51.40103323758828,0.6728436125665596,0.8860783522863876,50.20433989707094,47.85172290802002,45.49910591896911,0.7348083976225727,30.48374967635018
2021-02-25,46.63526916503906,13034500,48.5068058013916,47.881937408447264,43.509114203846266,0.4950474606227644,0.807872173953663,50.15439982024803,47.881937408447264,45.6094749966465,0.7686490067254476,29.177725606929922
2021-02-26,45.96967697143555,17343800,48.19152603149414,47.86792545318603,39.32157327182674,0.29701124111297617,0.7056999873855256,50.183513789612945,47.86792545318603,45.55233711675912,0.777552419227738,28.73774327955351
2021-03-01,47.230796813964844,9398300,47.993600082397464,47.96645050048828,49.28191987946327,0.23907206806789816,0.6123744035220001,49.97751011517036,47.96645050048828,45.955390885806196,0.8189741134691888,27.152825291246593
2021-03-02,46.78414535522461,11948000,47.736996459960935,47.985279655456544,46.378222701385255,0.1553233452633549,0.5209641918702711,49.94397442620333,47.985279655456544,46.026584884709756,0.8005117055862788,25.83197038462825
2021-03-03,46.74912643432617,16340400,47.464630126953125,47.966013526916505,46.14863887680005,0.08514465028483897,0.4338002835531847,49.964971472504565,47.966013526916505,45.967055581328445,0.7940022620765379,24.31659866833787
2021-03-04,45.741966247558594,21671700,47.15547981262207,47.887631225585935,40.01362491569797,-0.05115222991380364,0.336809780859787,50.095427064613155,47.887631225585935,45.679835386558715,0.8286201758161335,23.961365073026325
2021-03-05,46.06600570678711,14267100,46.852460098266604,47.821947288513186,42.65503588321356,-0.13150530192682908,0.2431467643024638,50.16057228386665,47.821947288513186,45.48332229315972,0.8457507948407483,23.797885406542793
2021-03-08,44.866180419921875,15723000,46.56870651245117,47.67875671386719,36.28408410086431,-0.28867391055389646,0.13678262933119173,50.34948191581009,47.67875671386719,45.00803151192429,0.877922992354549,24.07007357867379
2021-03-09,45.83831024169922,14264200,46.3550163269043,47.57191162109375,43.630404473103766,-0.3309731604697461,0.04323147137100415,50.355251538067904,47.57191162109375,44.78857170411959,0.9009164269607022,23.51616676562937
2021-03-10,45.759483337402344,13436600,46.16409606933594,47.434414100646975,43.19549855941536,-0.36663001062727574,-0.038740825028651824,50.289680906138685,47.434414100646975,44.579147295155266,0.8841074689592746,22.87749145957432
2021-03-11,47.13444900512695,9102700,46.21401405334473,47.36040992736817,52.154319842010345,-0.2807042985319015,-0.08713351972930175,50.16578013433356,47.36040992736817,44.555039720402775,0.9204199109875127,21.364844028103654
2021-03-12,46.30247497558594,9332500,46.247293853759764,47.21940994262695,47.29387906196496,-0.2765529731951233,-0.12501741042246606,49.93849965355009,47.21940994262695,44.50032023170382,0.9397501743102783,20.321409654424464
2021-03-15,46.27619934082031,13127000,46.151834106445314,47.072717094421385,47.14444691193682,-0.2722449715228876,-0.15446292264255038,49.659755623146914,47.072717094421385,44.485678565695856,0.9014009598514349,19.396726113244195
2021-03-16,46.47761917114258,12282800,46.12118148803711,46.92908897399902,48.488079543962115,-0.24969957096738682,-0.17351025230751765,49.304738698310985,46.92908897399902,44.55343924968706,0.8626623493082765,18.123147351437
2021-03-17,46.51266098022461,9336200,46.09753494262695,46.78108253479004,48.73225561876276,-0.22639485845761698,-0.1840871735375375,48.85392785005432,46.78108253479004,44.708237219525756,0.8629738517687058,17.435584744618698
2021-03-18,45.79452133178711,11070900,46.102790451049806,46.62913513183594,44.116878315527394,-0.26284367550100995,-0.199838473930232,48.51501367723789,46.62913513183594,44.743256586433986,0.8557562884485739,16.89107074821339
2021-03-19,46.249916076660156,8992100,46.12118148803711,46.48682079315186,47.511700214012066,-0.2520772855536748,-0.21028623625492054,47.99910423115149,46.48682079315186,44.97453735515222,0.8365432675324654,16.454515024503074
2021-03-22,46.151702880859375,10854500,46.24973373413086,46.409220123291014,46.850673986435694,-0.24860407502573167,-0.21794980400908276,47.8196128415724,46.409220123291014,44.99882740500963,0.8043503158757197,15.999751384885714
2021-03-23,45.39757537841797,10632700,46.20566024780273,46.280338287353516,42.016746216445064,-0.30320812309715706,-0.23500146782669762,47.559785181428516,46.280338287353516,45.000891393278515,0.8038947418556786,16.239109135512017
2021-03-24,44.33651351928711,12406600,46.063363265991214,46.11372966766358,36.33603789041634,-0.42717682048438377,-0.27343653835823484,47.490733569601254,46.11372966766358,44.7367257657259,0.8247693329120244,17.44073082078062
2021-03-25,44.40665817260742,15605700,45.79058418273926,46.00229911804199,36.94298664319334,-0.5138395960017093,-0.3215171498869297,47.543367125879534,46.00229911804199,44.461231110204444,0.7959226516230068,18.698105375371597
2021-03-26,45.51156997680664,15609700,45.71149368286133,45.979393768310544,45.72120328790208,-0.4877409474708827,-0.3547619094037203,47.53526720844554,45.979393768310544,44.42352032817555,0.8192458220223555,18.404122877584992
2021-03-29,45.25727081298828,13062000,45.60960083007812,45.88071746826172,44.196237166060584,-0.4820209601519494,-0.38021371955336614,47.35478819551149,45.88071746826172,44.406646741011954,0.7939253190738421,18.131139129640285
2021-03-30,45.441410064697266,27514100,45.50597991943359,45.813580703735354,45.61086062585686,-0.45735720117426837,-0.39564241587754656,47.238437516860216,45.813580703735354,44.38872389061049,0.7654027674999558,17.801344447218153
2021-03-31,45.64309310913086,10759700,45.41902313232422,45.75827903747559,47.18993212609818,-0.41673301949990815,-0.39986053660201887,47.11796572267944,45.75827903747559,44.398592352271734,0.7370382852211764,17.14450844915
2021-04-01,46.05524444580078,10280700,45.445095443725585,45.773942947387695,50.3615429380173,-0.34727769338820735,-0.3893439679592566,47.13972145027594,45.773942947387695,44.40816444449945,0.7345019407532075,16.151530286732257
2021-04-05,46.151702880859375,9804500,45.43527412414551,45.77822780609131,51.101702048006516,-0.28120885681865815,-0.3677169457311369,47.148175929662756,45.77822780609131,44.40827968251986,0.7033338787589409,15.22947913591578
2021-04-06,46.37093734741211,9533200,45.45719757080078,45.85346565246582,52.82351396017534,-0.2087520746324003,-0.3359239715113896,47.17936525662913,45.85346565246582,44.52756604830251,0.6919302094489164,14.69056837459206
2021-04-07,45.695716857910156,9164400,45.48701171875,45.84633598327637,47.29932674438688,-0.2034687421717294,-0.30943292564345753,47.17401720658652,45.84633598327637,44.51865475996622,0.699505707554967,13.772743257999787
2021-04-08,46.16924285888672,7447000,45.67028465270996,45.86682395935058,51.15700734981621,-0.1592364931041601,-0.27939363913559806,47.20114157360918,45.86682395935058,44.53250634509199,0.6971441308631853,13.322715713068773
2021-04-09,45.77463912963867,7633400,45.80708274841309,45.79883346557617,48.00355997232365,-0.1542452963889147,-0.25436397058626137,46.99976544698666,45.79883346557617,44.59790148416569,0.6855559072790747,12.514394497963249
2021-04-12,45.47649383544922,7718000,45.803575134277345,45.757534408569335,45.71083948439005,-0.17236070366827505,-0.23796331720266412,46.94305741081184,45.757534408569335,44.57201140632683,0.6697847794607871,12.184193717950603
2021-04-13,45.485252380371094,6725000,45.82637329101563,45.717987060546875,45.79274699966969,-0.1838907746920384,-0.22714880870053897,46.884277614435874,45.717987060546875,44.551696506657876,0.6507559049182114,11.66791109481092
2021-04-14,45.73080062866211,8492500,45.85531234741211,45.680646133422854,48.15437922426171,-0.171240790306328,-0.21596720502169678,46.793876085207614,45.680646133422854,44.567416181638094,0.6393506024726993,10.956231061917803
2021-04-15,46.13417053222656,6200800,45.90442008972168,45.66172161102295,51.86437024883583,-0.12720071575618874,-0.19821390716859516,46.72968018248694,45.66172161102295,44.59376303955896,0.6256266074862883,10.581490021693215
2021-04-16,46.283241271972656,6678900,45.927219772338866,45.686157608032225,53.197294106137925,-0.07935512009463963,-0.17444214975380407,46.787010560604045,45.686157608032225,44.585304655460405,0.6028618540767919,10.528429741801292
2021-04-19,46.18678665161133,8932100,45.930728149414065,45.68300113677979,52.1902616447594,-0.04865930836475485,-0.14928558147599422,46.77771504260511,45.68300113677979,44.588287230954464,0.5798439044348372,10.448458627112647
2021-04-20,45.836021423339844,7101600,45.87723655700684,45.667217063903806,48.588109042926376,-0.05203663295856131,-0.12983579177250765,46.743390267631554,45.667217063903806,44.59104386017606,0.574755674688421,9.752573960278054
2021-04-21,46.195552825927734,6235100,45.92722015380859,45.707115936279294,52.22770922374165,-0.025409107200729864,-0.1089504548581521,46.799392225562165,45.707115936279294,44.61483964699642,0.575667930200004,9.123781648654424
2021-04-22,46.11662292480469,7556200,45.92195816040039,45.79612140655517,51.367959922770666,-0.010553925489162452,-0.08927114898435416,46.70122283446928,45.79612140655517,44.89101997864107,0.5646142010553362,8.65083661078361
2021-04-23,46.74800491333008,12992200,46.01929473876953,45.913188743591306,57.40793155349188,0.05157167665143447,-0.06110258385719643,46.66117562556476,45.913188743591306,45.16520186161785,0.5725150977908537,8.917531824557443
2021-04-26,46.80939865112305,6543700,46.15258522033692,45.97808017730713,57.954753433876114,0.10455537619633759,-0.027970991846489622,46.797238096043415,45.97808017730713,45.15892225857084,0.5504120197005214,9.261279790252274
2021-04-27,46.87954330444336,6886100,46.29201431274414,46.059193801879886,58.60860978575171,0.15047089233033262,0.00771738498887483,46.89783314119116,46.059193801879886,45.220554462568614,0.5242504499953128,9.804871946156274
2021-04-28,47.25660705566406,7698100,46.44459495544434,46.14995365142822,62.027170494565944,0.21480897894488749,0.04913570378007736,47.08846038617612,46.14995365142822,45.211446916680316,0.5306489528780818,11.037525054664666
2021-04-29,47.1513786315918,8465400,46.54631576538086,46.22536792755127,60.52482509157353,0.25437405595114626,0.09018337421429115,47.22897866648541,46.22536792755127,45.221757188617126,0.5447337267450058,11.666630670277712
2021-04-30,46.45862579345703,8573300,46.5638542175293,46.245536994934085,51.65473744326812,0.22721115135041714,0.11758892964151635,47.250873156015594,46.245536994934085,45.240200833852576,0.5640755698025167,11.333749657540908
2021-05-03,46.44108963012695,7350400,46.58928451538086,46.26000633239746,51.44918915981292,0.20194147629673154,0.13445943897255938,47.26785083841391,46.26000633239746,45.252161826381005,0.551344362741432,10.855574053569384
2021-05-04,45.87110137939453,9975300,46.59279251098633,46.23501453399658,45.15899603890776,0.13437282226409053,0.1344421156308656,47.25532843806377,46.23501453399658,45.214700629929396,0.5777307022075407,10.982697610763362
2021-05-05,46.046485900878906,4339000,46.57788581848145,46.25255298614502,47.294268655664766,0.09389389193226094,0.1263324708911447,47.246912220040336,46.25255298614502,45.2581937522497,0.5602662516669535,10.834136921337569
2021-05-06,46.502471923828125,6971900,46.61647071838379,46.26921443939209,52.47525751145287,0.0974845678114491,0.12056289027520557,47.2685860667457,46.26921443939209,45.269842812038476,0.5528176639014011,10.147904253252078
2021-05-07,46.91461181640625,9221800,46.633131408691405,46.32621307373047,56.62544443966241,0.13206409655139595,0.12286313153044365,47.33623034077999,46.32621307373047,45.31619580668095,0.5559228237999857,10.288430984065926
2021-05-10,46.03770446777344,10549000,46.555961990356444,46.35427360534668,47.18403734147531,0.0876985930059817,0.11583022382555126,47.29726257260111,46.35427360534668,45.41128463809224,0.5807293033773827,9.784670365600102
2021-05-11,45.914947509765625,11065600,46.459502410888675,46.37575836181641,46.02708449694688,0.04214730334435757,0.10109363972931253,47.25606723890422,46.37575836181641,45.495449484728596,0.6006315330798958,10.392575486029529
2021-05-12,44.73988723754883,10822600,46.20783042907715,46.32621269226074,36.740358056868445,-0.08775834193312448,0.06332324339682513,47.42945581919338,46.32621269226074,45.2229695653281,0.6466731794074351,11.498813326647788
2021-05-13,44.68727493286133,9134100,45.9614200592041,46.25386791229248,36.38636097926606,-0.19273316704658328,0.012111961308143439,47.56766305840954,46.25386791229248,44.94007276617541,0.6480859959005467,12.744738195347724
2021-05-14,45.42387008666992,6270500,45.85794448852539,46.210899353027344,44.455441113727,-0.21402228366018505,-0.03311488768552226,47.573352734569596,46.210899353027344,44.84844597148509,0.6587926030024089,13.261195238262301
2021-05-17,45.4501838684082,7666700,45.758853912353516,46.174069213867185,44.72517793535642,-0.22616368549901722,-0.07172464724822125,47.576379702135924,46.174069213867185,44.771758725598445,0.6380433762634167,13.740762492397266
2021-05-18,46.10786437988281,7707900,45.78253021240234,46.18766136169434,51.115025462208166,-0.180634273653979,-0.0935065725293728,47.5818482479647,46.18766136169434,44.79347447542398,0.6551051138373971,12.817151554171886
2021-05-19,45.9850959777832,10025800,45.776391220092776,46.17713851928711,49.954135899048694,-0.15269806256220875,-0.10534487053594,47.57410245758646,46.17713851928711,44.78017458098776,0.6540365146092173,12.668582116253623
2021-05-20,46.151702880859375,7164800,45.7413143157959,46.17889251708984,51.5618934402979,-0.11577998966586023,-0.10743189436192405,47.57563619643222,46.17889251708984,44.782148837747464,0.6267369695623167,12.323101130224527
2021-05-21,45.660640716552734,6526300,45.61591720581055,46.12452430725098,46.79056993574763,-0.1247091936414293,-0.1108873542178251,47.513051764184596,46.12452430725098,44.73599685031736,0.6226835224522228,12.456876571826703
2021-05-24,46.090328216552734,5340500,45.62117958068848,46.088570785522464,51.05823713136625,-0.09600675580301754,-0.10791123453486359,47.441072606927804,46.088570785522464,44.73606896411712,0.6164143865960677,12.52373256340883
2021-05-25,46.572628021240234,7610500,45.686947631835935,46.073225021362305,55.38380850581214,-0.03395093825309203,-0.09311917527850928,47.396121080524644,46.073225021362305,44.750328962199966,0.6212411041329359,11.686132532388998
2021-05-26,46.91461181640625,5032200,45.90442008972168,46.056125259399415,58.2045665329005,0.042335955889051036,-0.06602814904499722,47.32513751933344,46.056125259399415,44.78711299946539,0.6044259222478646,11.058431785591887
2021-05-27,47.0023078918457,7659800,46.13592338562012,46.04867172241211,58.92177323510135,0.10861812733588039,-0.031098893768821703,47.29338302224772,46.04867172241211,44.8039604225765,0.5756589715208419,10.653475070260015
2021-05-28,47.24784851074219,7318100,46.318321228027344,46.08813285827637,60.94267796074336,0.17889807596162655,0.010900500177267944,47.42868126129072,46.08813285827637,44.747584455262015,0.5583426280903563,10.643196403032707
2021-06-01,48.238746643066406,10035300,46.597177505493164,46.17801570892334,67.82249468805264,0.31096799411920983,0.07091399896565632,47.81045760595042,46.17801570892334,44.54557381189626,0.5986349958567786,11.858991702918217
2021-06-02,48.352745056152344,8016400,46.821665573120114,46.30209789276123,68.50972969581815,0.4199916724191084,0.14072953365634674,48.18101546929073,46.30209789276123,44.423180316231736,0.577798214101364,12.956146922326681
2021-06-03,47.80906677246094,8433000,47.00406265258789,46.39022693634033,61.73752632196404,0.45725250689043406,0.2040341283031642,48.37526796586609,46.39022693634033,44.40518590681458,0.5828773702340835,13.340174259297687
2021-06-04,48.238746643066406,7317400,47.21276702880859,46.477040672302245,64.70683943034977,0.5155110705058377,0.26632951674369887,48.61973211618387,46.477040672302245,44.33434922842062,0.5719346916891824,13.978660920196148
2021-06-07,48.04582977294922,24666100,47.451285934448244,46.53360157012939,62.36667993042675,0.539891094291967,0.3210418322533525,48.7768706646124,46.53360157012939,44.29033247564638,0.5624003271001045,14.079079012462747
2021-06-08,47.84414291381836,7113900,47.6266674041748,46.62392349243164,59.926584151434966,0.5367506672502458,0.36418359925273114,48.92478093415741,46.62392349243164,44.323066050705876,0.5466568841810272,13.998501960583642
2021-06-09,47.80906677246094,8168100,47.750311279296874,46.71862945556641,59.49064904187836,0.5253753052460155,0.396421940451388,49.050678258523405,46.71862945556641,44.38658065260941,0.5226425519206724,14.024723022485437
2021-06-10,48.14228820800781,6263600,47.87307891845703,46.888749504089354,62.29665151489456,0.5370575685598808,0.42454906607308657,49.11247722828223,46.888749504089354,44.66502177989648,0.5147497518625204,14.402110515519793
2021-06-11,47.93183517456055,7187200,47.96603164672852,47.050977516174314,59.49373019831153,0.5233017486184295,0.4442996025821552,49.07285801841957,47.050977516174314,45.029097013929054,0.49990430796336877,14.51351689749809
2021-06-14,48.124755859375,6120900,48.0537223815918,47.18602180480957,61.216402162547354,0.5219505283803443,0.459829787741793,49.11375549866399,47.18602180480957,45.25828811095515,0.48549320054657885,14.766570295720422
2021-06-15,47.800296783447266,6168100,48.009877395629886,47.303527450561525,56.83828747109882,0.4890609505883958,0.46567602031111355,49.073772340081845,47.303527450561525,45.533282561041204,0.4815070572457915,14.408560796630086
2021-06-16,47.1513786315918,7464200,47.889740753173825,47.35570316314697,49.2515672779063,0.405953868118047,0.45373158987250023,49.04140348225648,47.35570316314697,45.67000284403746,0.5072450621418244,14.017449610375326
2021-06-17,47.42322540283203,6889700,47.851156616210936,47.42760963439942,52.13399987427729,0.35790100898103816,0.43456547369420784,48.991611694074315,47.42760963439942,45.86360757472452,0.502957974841636,13.654274937424479
2021-06-18,47.05491638183594,6643100,47.73277359008789,47.472770309448244,48.144180923029204,0.28679333693975195,0.40501104634331664,48.9356909975715,47.472770309448244,46.00984962132499,0.49709845823932614,13.772138891938576
2021-06-21,47.28411865234375,8283400,47.656602478027345,47.553944206237794,50.67405441475383,0.24609783954689135,0.3732284049840316,48.763958789172555,47.553944206237794,46.34392962330303,0.494962744154779,14.168427145361747
2021-06-22,47.08137130737305,6060600,47.580325317382815,47.603496360778806,48.42355492490418,0.19523579168249228,0.3376298823237237,48.63816746926516,47.603496360778806,46.56882525229245,0.49927627017559123,14.673021510824544
2021-06-23,47.354644775390625,9520000,47.53488311767578,47.64259719848633,51.54704756438697,0.17496129246611503,0.305096164352202,48.57226182420541,47.64259719848633,46.712932572767244,0.5039115057278769,13.97477556795871
2021-06-24,47.70724105834961,7323200,47.49137840270996,47.6822286605835,55.30788798012558,0.18521019123672033,0.28111896972910566,48.54989041932395,47.6822286605835,46.814566901843044,0.4968812557274393,13.10165781118326
2021-06-25,48.0951042175293,4814100,47.50770530700684,47.73686847686768,59.07127085085606,0.22206994865552332,0.2693091655143892,48.563022024483395,47.73686847686768,46.91071492925196,0.49476109870726664,12.80080527313525
2021-06-28,48.20969772338867,7693600,47.5161994934082,47.7849609375,60.13924132221968,0.2575593266031362,0.2669591977321386,48.60359610592252,47.7849609375,46.966325769077486,0.47327337325066765,12.673733025909728
2021-06-29,48.174442291259766,6154100,47.55361404418945,47.781745719909665,59.62377396738484,0.27961684663040387,0.26949072751179165,48.593704487431054,47.781745719909665,46.969786952388276,0.4728392815509234,11.879363549908573
2021-06-30,47.874732971191406,8876600,47.625949478149415,47.757845115661624,55.285533552511346,0.2698034268556526,0.26955326738056384,48.52824329972005,47.757845115661624,46.987446931603195,0.4680288166208064,11.141734750764643
2021-07-01,47.61908721923828,13517900,47.64553565979004,47.748346138000485,51.82191073949293,0.2386467738637279,0.26337196867719664,48.52066631696509,47.748346138000485,46.97602595903588,0.47678454769861034,11.013970821436441
2021-07-02,47.56619644165039,9074600,47.69666366577148,47.714718627929685,51.10850221443859,0.20729746206687594,0.2521570673551325,48.45667037326331,47.714718627929685,46.97276688259606,0.4679144938060547,11.089040620649797
2021-07-06,46.71113586425781,8443800,47.63936538696289,47.647983932495116,41.22727073630419,0.11216371061561148,0.22415839600722828,48.49189569846393,47.647983932495116,46.8040721665263,0.5069014851704607,12.280709211784872
2021-07-07,46.75521469116211,8505200,47.6067497253418,47.59353752136231,41.85140065987303,0.039866760934017975,0.18730006899258622,48.5165982650095,47.59353752136231,46.670476777715116,0.5046953382323799,13.3872485366669
2021-07-08,45.86488723754883,9691400,47.457773971557614,47.4963285446167,33.9980120157334,-0.08825374307551925,0.13218930657896513,48.68064209471701,47.4963285446167,46.312014994516396,0.5442037327808749,15.448697014783136
2021-07-09,46.70232391357422,5764300,47.35728225708008,47.42433032989502,44.53982329322576,-0.12082324934790734,0.08158679539359065,48.617854316556596,47.42433032989502,46.230806343233446,0.5657787265024862,15.873373280488286
2021-07-12,46.728763580322266,5978100,47.220648193359374,47.364176750183105,44.83937793848196,-0.14285461846064607,0.036698512622743304,48.57052499230903,47.364176750183105,46.15782850805718,0.5467740332622817,16.215392985218237
2021-07-13,46.75521469116211,8827900,47.075199890136716,47.29569969177246,45.15851455852768,-0.15637762965336321,-0.0019167158324780026,48.47679684813306,47.29569969177246,46.11460253541186,0.5278679879956156,15.990540831038432
2021-07-14,46.98440170288086,5652100,46.95619583129883,47.25490493774414,47.96752123636687,-0.1469077756113677,-0.030914927788255945,48.419718780179764,47.25490493774414,46.09009109530852,0.5235341821976509,15.37910098755862
2021-07-15,47.02847671508789,9812900,46.87157020568848,47.24875984191895,48.51368451649937,-0.1342982562216477,-0.0515915934749343,48.41698526858459,47.24875984191895,46.080534415253304,0.5113246962747379,14.726449512263645
2021-07-16,46.71113586425781,7143600,46.78077507019043,47.213155364990236,44.862376410258406,-0.14820347834751857,-0.07091397044945115,48.40117901554677,47.213155364990236,46.025131714433705,0.512580342487867,14.622280145746407
2021-07-19,46.0235595703125,11160800,46.62651138305664,47.16158752441406,38.16074336236906,-0.21225834558880763,-0.09918284547732245,48.45726608846551,47.16158752441406,45.86590896036261,0.5414508203310392,15.645809085821146
2021-07-20,46.05881881713867,6426700,46.561279678344725,47.100322532653806,38.666721057033286,-0.257212180910372,-0.13078871256393237,48.48017264529915,47.100322532653806,45.72047242000846,0.5437030378963481,16.80022137365245
2021-07-21,46.45549774169922,7511500,46.531307983398435,47.06902885437012,44.198487804441285,-0.2578573265003783,-0.15620243535122155,48.47727497227043,47.06902885437012,45.660782736469805,0.5470537089322695,17.298129498875745
2021-07-22,46.52601623535156,5295300,46.597420883178714,47.027597427368164,45.145656382059585,-0.2497988305145853,-0.1749217143838943,48.448494371563,47.027597427368164,45.60670048317333,0.52623807987369,17.479448044886816
2021-07-23,45.80317687988281,7681900,46.50750617980957,46.93239421844483,38.021492228898744,-0.2983008824660729,-0.19959754800033003,48.41231028513867,46.93239421844483,45.45247815175098,0.5560222499793365,18.578119164478586
2021-07-26,44.93048858642578,13939000,46.32767868041992,46.77416343688965,31.54857891122682,-0.4025177855247364,-0.2401815955052113,48.39316002954788,46.77416343688965,45.155166844231424,0.5899749528292213,20.361892202001915
2021-07-27,43.9608268737793,20521700,46.04823989868164,46.56171989440918,26.209410014707128,-0.5569340395222753,-0.3035320843086241,48.46209925600988,46.56171989440918,44.66134053280848,0.6548742743829558,22.908373778089814
2021-07-28,45.203758239746094,14409300,45.87017555236817,46.4131856918335,40.18357573617333,-0.5724173883660484,-0.357309145120109,48.24943985340923,46.4131856918335,44.57693153025777,0.7012858759728727,23.33015958447269
2021-07-29,45.36241912841797,9256000,45.70356979370117,46.287569999694824,41.70129427095574,-0.5653682330833121,-0.39892096271274957,48.04890759415475,46.287569999694824,44.5262324052349,0.6770096198991125,23.32980217855381
2021-07-30,45.05390167236328,10373900,45.537846374511716,46.15931072235107,39.59736277604466,-0.5780135269136437,-0.4347394755529284,47.88740453923263,46.15931072235107,44.43121690546952,0.663911321405727,23.5982986589595
2021-08-02,45.41531753540039,17030800,45.47702217102051,46.05176677703857,43.21189099797965,-0.5525028646077956,-0.45829215336390183,47.68114860038854,46.05176677703857,44.422384953688606,0.6593050525502733,23.320283318080744
2021-08-03,45.52991485595703,9155700,45.42413177490234,45.992705726623534,44.34904754802182,-0.5170778829322273,-0.47004929927756695,47.60777373213599,45.992705726623534,44.37763772111108,0.6462126937239684,23.330827093634866
2021-08-04,45.64451217651367,7944600,45.34303321838379,45.937170600891115,45.52382112706581,-0.47428897561571404,-0.4708972345451964,47.519596531901435,45.937170600891115,44.354744669880795,0.6283889149464749,22.796573766170702
2021-08-05,45.50346755981445,8354500,45.24077835083008,45.91909961700439,44.284732614354866,-0.44661132277546756,-0.4660400521912506,47.5126303741429,45.91909961700439,44.32556885986588,0.5986156723312817,22.337402510464994
2021-08-06,45.1949462890625,9084400,45.179955291748044,45.843730735778806,41.61639164483951,-0.4444483477295549,-0.4617217112989115,47.42449319410202,45.843730735778806,44.26296827745559,0.5860801478942094,22.350304156638213
2021-08-09,45.353614807128906,6354300,45.22226791381836,45.77497329711914,43.50182864908499,-0.42503145304464596,-0.4543836596480584,47.31487125012707,45.77497329711914,44.23507534411121,0.565625119415078,22.234246398818243
2021-08-10,45.521095275878906,6007900,45.37829475402832,45.71326732635498,45.50241115750804,-0.3916148576727707,-0.44182989925300087,47.188655875240016,45.71326732635498,44.237878777469945,0.5460012617600637,21.87725432813397
2021-08-11,45.6885871887207,7275100,45.42677764892578,45.64847660064697,47.50438972101804,-0.3476097388194148,-0.42298586716628367,47.003816159145714,45.64847660064697,44.29313704214823,0.5347056380342692,21.17922575549494
2021-08-12,45.38887405395508,7988900,45.42942314147949,45.56649646759033,44.36382508431108,-0.3330801693991532,-0.40500472761285755,46.76760469886861,45.56649646759033,44.36538823631206,0.5298839425712186,20.856545776786046
2021-08-13,45.300724029541016,6751900,45.454105377197266,45.49597587585449,43.45390316001026,-0.3249327289872568,-0.3889903278877374,46.57988338846607,45.49597587585449,44.41206836324291,0.5172209408122123,20.78822730027228
2021-08-16,44.93930435180664,9926500,45.40650405883789,45.4417631149292,39.84539781453297,-0.34367766900817287,-0.3799277961118245,46.52315440780738,45.4417631149292,44.36037182205102,0.5193148494370913,21.067766169860075
2021-08-17,44.128318786621094,9863000,45.266344451904295,45.34523811340332,33.185942227458014,-0.4191413261446826,-0.3877705021183961,46.528882687345174,45.34523811340332,44.161593539461464,0.5546303692026855,22.184699614012676
2021-08-18,44.18120193481445,9206600,45.12001342773438,45.23152332305908,33.96102792815,-0.4692701359980944,-0.40407042889433575,46.40359457508174,45.23152332305908,44.05945207103642,0.5509035095675121,22.698661352456526
2021-08-19,43.502445220947266,16111900,44.91991119384765,45.08034477233887,29.267969223944483,-0.5573428714795057,-0.43472491741136976,46.32337777257265,45.08034477233887,43.83731177210509,0.571369581777624,23.933860516778086
2021-08-20,43.502445220947266,11097600,44.750661087036136,44.96530818939209,29.267969223944483,-0.6199942411987962,-0.47177878216885505,46.3384991905728,44.96530818939209,43.59211718821138,0.5651881134911193,25.269291829400885
2021-08-23,44.128318786621094,7661300,44.62813148498535,44.92519969940186,38.374947480069146,-0.6120873747291142,-0.4998405006809069,46.34614534683738,44.92519969940186,43.504254051966335,0.5739303121380238,25.423847040535396
2021-08-24,45.1156120300293,13128400,44.58758316040039,44.98293895721436,49.43490040714963,-0.5201587462575787,-0.5039041497962413,46.33460445842629,44.98293895721436,43.631273456002425,0.6059748895363162,24.153276754686413
2021-08-25,45.1596794128418,7730800,44.5346923828125,44.98073501586914,49.8673864524837,-0.4386918102648423,-0.4908616818899615,46.331096228419206,44.98073501586914,43.63037380331908,0.580950845171577,22.89174490851399
2021-08-26,44.78944396972656,10140100,44.474749374389646,44.95208625793457,46.285501574685945,-0.3993995531940797,-0.47256925615078516,46.29312104478736,44.95208625793457,43.61105147108177,0.5677888549669551,21.952288809996585
2021-08-27,45.353614807128906,5895500,44.480038452148435,44.96707191467285,51.949349827577464,-0.319058378394935,-0.4418670805996151,46.3189771551978,44.96707191467285,43.6151666741479,0.5687897518713413,20.58083810763271
2021-08-30,45.48583984375,13626500,44.534692001342776,44.97059803009033,53.19501114081797,-0.24192915443842367,-0.4018794953673768,46.32752000682536,44.97059803009033,43.6136760533553,0.5508293136013662,19.21581929215564
2021-08-31,46.04119110107422,14079700,44.725979232788085,44.99616184234619,58.10723834505973,-0.13444172306841295,-0.3483919409075841,46.412244488008334,44.99616184234619,43.580079196684046,0.5587080298890748,18.65443394119174
2021-09-01,46.59654235839844,22058700,44.96751327514649,45.04376335144043,62.36131600070989,-0.004394299353023712,-0.279592412596672,46.60081131882649,45.04376335144043,43.48671538405438,0.5704315042384066,18.811837085395602
2021-09-02,46.41142272949219,8506000,45.25841102600098,45.08916110992432,60.167999092456206,0.0827774075124239,-0.20711844857485281,46.746866569249214,45.08916110992432,43.431455650599425,0.5536128825522717,18.957997147870618
2021-09-03,46.62298583984375,6490300,45.570465087890625,45.16056308746338,61.820670698294236,0.16700782588220164,-0.13229319368344192,46.94826551792734,45.16056308746338,43.37286065699942,0.532958736153959,19.09371720588313
2021-09-07,47.01084899902344,8152100,45.85871810913086,45.243424797058104,64.7114290223463,0.26203774669470903,-0.05342700560781172,47.2044636864814,45.243424797058104,43.28238590763481,0.5301504861113024,19.71313386603506
2021-09-08,46.314453125,9100300,45.97860221862793,45.28309268951416,56.447434169338685,0.27795225599386697,0.012848846712524023,47.29639334166474,45.28309268951416,43.26979203736359,0.5483217894965705,19.24045282014789
2021-09-09,46.376163482666016,9331500,46.10025062561035,45.317471504211426,56.97181717721694,0.2921761051333007,0.06871429839667936,47.380170585110676,45.317471504211426,43.254772423312176,0.531823347620254,18.687370183173364
2021-09-10,46.30563735961914,9145300,46.25186996459961,45.363309669494626,56.13989426558889,0.29436448874440657,0.1138443364662248,47.47058222792027,45.363309669494626,43.256037111068984,0.5284668465769393,18.557880405891733
2021-09-13,46.45549774169922,12018100,46.36205825805664,45.42104835510254,57.55810032318218,0.30467912759431925,0.15201129469184368,47.58092200343886,45.42104835510254,43.26117470676623,0.5165348106528477,18.31106874808526
2021-09-14,46.0235595703125,13299400,46.41583023071289,45.47526111602783,52.30811417036559,0.2748316642738686,0.17657536860824868,47.63847321356657,45.47526111602783,43.31204901848909,0.5180479137129238,17.548360620118718
2021-09-15,46.00593185424805,11561100,46.41230430603027,45.56914176940918,52.099260357397185,0.2469087152139693,0.1906420379293928,47.65185726350603,45.56914176940918,43.486426275312326,0.505600559237614,16.43590183646821
2021-09-16,45.52991485595703,10831000,46.30564155578613,45.636577415466306,46.67915834533808,0.18424512032942175,0.1893626544093986,47.620146400193306,45.636577415466306,43.653008430739305,0.5236361940128368,15.799669708139103
2021-09-17,45.353614807128906,11198000,46.19986076354981,45.72913589477539,44.81939967352391,0.1189862301819673,0.17528736956391233,47.46274114154064,45.72913589477539,43.99553064801014,0.5120492062199857,15.262550771982186
2021-09-20,44.11960983276367,21047400,45.9495231628418,45.75999412536621,34.468004696709784,-0.03193764159439638,0.13384236733225058,47.34998242328082,45.75999412536621,44.170005827451604,0.5909436149087666,16.519809854128205
2021-09-21,44.475494384765625,12919900,45.695987701416016,45.77735290527344,38.85409088398577,-0.12142922768006059,0.08278804832978834,47.30194219851027,45.77735290527344,44.25276361203661,0.582414893972562,17.524902617214142
2021-09-22,45.116065979003906,12007600,45.576148986816406,45.77737560272217,45.876023956715116,-0.13906018102525763,0.038418402458779144,47.30192550140421,45.77737560272217,44.25282570404012,0.6088112836825302,17.08128691308499
2021-09-23,45.329593658447266,12078800,45.471492004394534,45.78587131500244,48.01894209425321,-0.13425532752501823,0.003883656462019665,47.29840419146747,45.78587131500244,44.27333843853741,0.5862961717365488,16.669358044965065
2021-09-24,44.83136749267578,8825500,45.32406501770019,45.7879674911499,43.67389172110753,-0.16870540336244488,-0.030634155502873246,47.29507735610847,45.7879674911499,44.28085762619133,0.5831828649545712,16.726998829982296
2021-09-27,45.071590423583984,9239500,45.18567428588867,45.77386627197266,46.20158470896356,-0.17461055201319198,-0.059429434804936995,47.302097778416446,45.77386627197266,44.24563476552887,0.5764789233863341,16.442474630604337
2021-09-28,44.546669006347656,13751000,45.037985229492186,45.72690773010254,41.788558718052755,-0.21912130230811755,-0.0913678083055731,47.34285386155305,45.72690773010254,44.110961598652025,0.5829640955085692,16.533064104891746
2021-09-29,44.190792083740234,13801500,44.85647125244141,45.63438777923584,39.0642910433386,-0.2798863306695978,-0.12907151277837803,47.374852539828126,45.63438777923584,43.89392301864355,0.5718273560701278,16.926542761232305
2021-09-30,44.493282318115234,22117300,44.752807998657225,45.52922477722168,42.495822585992684,-0.3001743959522969,-0.1632920894131618,47.278583689146814,45.52922477722168,43.77986586529654,0.5767377253053135,16.82432765635005
2021-10-01,44.51997375488281,19161600,44.669443893432614,45.43465232849121,42.8019082182651,-0.3105195815347557,-0.19273758783748057,47.18751960535954,45.43465232849121,43.68178505162288,0.574307176732986,17.091108056312756
2021-10-04,43.90608596801758,12834400,44.64809150695801,45.298807334899905,37.816237514841475,-0.3640572047292423,-0.22700151121583292,47.08307299841919,45.298807334899905,43.51454167138062,0.5961990508247678,17.91461739146516
2021-10-05,44.324241638183594,8676000,44.63296623229981,45.16447696685791,42.71135053740573,-0.3684966884754459,-0.25530054666775553,46.81225234426969,45.16447696685791,43.516701589446136,0.5936495163833347,18.418040158459508
2021-10-06,44.15520095825195,11198200,44.53687973022461,45.05651435852051,41.296102009434904,-0.38126025062470603,-0.2804924874591456,46.67137614042609,45.05651435852051,43.44165257661493,0.5982722816513725,19.363895767300157
2021-10-07,45.0181999206543,9236800,44.505740356445315,44.988616180419925,50.34254043313242,-0.3180721242465907,-0.28800841481663464,46.485725649149245,44.988616180419925,43.491506711690604,0.6305268311006077,18.49431899991721
2021-10-08,45.18724060058594,7621400,44.54132766723633,44.93269634246826,51.905932280725686,-0.25145627726922726,-0.2806979873071532,46.307399955258994,44.93269634246826,43.55799272967753,0.6032829654041805,17.593902141179004
2021-10-11,45.06269073486328,8801500,44.54043769836426,44.86305599212646,50.640843533892046,-0.20633437758940687,-0.2658252653636039,46.05049264203599,44.86305599212646,43.67561934221693,0.5945079143847873,16.35646130685295
2021-10-12,44.938133239746094,8007500,44.5795841217041,44.80878467559815,49.34556430202161,-0.17856728340414207,-0.24837366897171154,45.8717982700462,44.80878467559815,43.745771081150096,0.5755561751203552,15.392436500816164
2021-10-13,45.525325775146484,9178000,44.71303749084473,44.78475437164307,55.16730265992695,-0.10793591296034322,-0.22028611776943788,45.75621823404257,44.78475437164307,43.813290509243565,0.5802003789218367,14.58169304625138
2021-10-14,45.59650421142578,6776300,44.823359680175784,44.7880838394165,55.82999996045784,-0.045689853872858066,-0.18536686499012192,45.77013904434485,44.7880838394165,43.80602863448815,0.560999837341866,14.055042347632593
2021-10-15,46.0858268737793,7626600,44.97994499206543,44.82469444274902,60.186902731492964,0.04263339458995574,-0.13976681307410638,45.934619405068595,44.82469444274902,43.714769480429446,0.5615994703361749,14.181824355975692
2021-10-18,46.0235481262207,7677900,45.19169120788574,44.919891357421875,59.384025164089714,0.10637856500954257,-0.09053773745737659,46.096201172544546,44.919891357421875,43.743581542299204,0.5456339584760884,14.299550506580001
2021-10-19,46.548465728759766,6456300,45.41411361694336,45.02353992462158,63.77077008235202,0.1969828398711968,-0.033033621991661904,46.37693781214707,45.02353992462158,43.67014203709609,0.5492382654471778,15.025834001225899
2021-10-20,46.5573616027832,7013600,45.65432968139648,45.095604705810544,63.84204414941984,0.26643391878894107,0.026859886164458696,46.60547956325398,45.095604705810544,43.58572984836711,0.5246232304369892,15.723067787478358
2021-10-21,46.18368911743164,11157300,45.770878601074216,45.138309478759766,58.6248018557746,0.28800224197235735,0.07908835732603844,46.71889882010665,45.138309478759766,43.55772013741288,0.5214668611763126,15.62582393543215
2021-10-22,46.06803512573242,7901900,45.858958053588864,45.2001428604126,57.070274486012885,0.29239246459336243,0.12174917877950325,46.824028471161206,45.2001428604126,43.57625724966399,0.5210775982902052,15.133725335734004
2021-10-25,46.23707962036133,5926000,45.97639694213867,45.25841732025147,58.79032523277039,0.3059850207529351,0.15859634717418963,46.942211621566585,45.25841732025147,43.57462301893635,0.5073711237698562,14.676776636014297
2021-10-26,45.92567825317383,9875200,46.075151443481445,45.32736778259277,54.461436642405744,0.28830631585157107,0.18453834090966592,47.00184587506402,45.32736778259277,43.652889690121526,0.5073533091376107,14.009837224262322
2021-10-27,45.68547058105469,9150100,46.091165924072264,45.4021017074585,51.32218093611407,0.2520080710350001,0.19803228693473277,46.99860504383794,45.4021017074585,43.80559837107906,0.496533294929071,13.084904687114724
2021-10-28,45.64098358154297,8851200,46.09561386108398,45.45948677062988,50.73885779019168,0.2171485679152667,0.20185554313083956,47.00281858674559,45.45948677062988,43.91615495451417,0.4877573835834542,12.86536921814499
2021-10-29,45.071590423583984,11536200,45.99419021606445,45.48706760406494,43.866566474066616,0.14194068742398258,0.18987257198946816,46.981184754425726,45.48706760406494,43.992950453704154,0.506933771101152,13.365837311981192
2021-11-01,45.50752258300781,12786000,45.94258766174316,45.56713943481445,49.50549210130249,0.11617479163786015,0.17513301591914657,46.873632129479496,45.56713943481445,44.260646740149404,0.5018633890197542,13.316169659660725
2021-11-02,45.027095794677734,8543400,45.79045066833496,45.60228214263916,44.23193462151506,0.05633926291712754,0.15137426531874276,46.807003505293274,45.60228214263916,44.39756077998505,0.5054162494176172,13.46551650976786
2021-11-03,45.35628128051758,9914200,45.6703426361084,45.66233615875244,48.29610329302959,0.035077343126943106,0.12811488088038284,46.67733473817111,45.66233615875244,44.647337579333765,0.5049026861676359,12.899653576061107
2021-11-04,45.25841522216797,8669400,45.577815246582034,45.674346923828125,47.194925234427146,0.010212423045466323,0.10453438931339953,46.66393936936686,45.674346923828125,44.68475447828939,0.49298670171740316,12.31682787047013
2021-11-05,45.27621841430664,10389300,45.498633575439456,45.67879581451416,47.42974573012609,-0.007964822922353676,0.08203454686624889,46.66035619765126,45.67879581451416,44.69723543137706,0.48255749096669254,11.812597055706034
2021-11-08,45.74774932861328,7855200,45.44970054626465,45.71304874420166,53.34720142682744,0.015499513975434809,0.06872754028808607,46.65315594902545,45.71304874420166,44.77294153937787,0.4855829136907247,11.363516708922647
2021-11-09,45.64098358154297,8560100,45.42123107910156,45.7481912612915,51.92207487289288,0.025189695380056776,0.060019971306480215,46.61985716073775,45.7481912612915,44.87652536184525,0.4801309608946294,11.273471942284052
2021-11-10,45.516422271728516,11786500,45.40432624816894,45.74774608612061,50.23594030172088,0.02255814104941578,0.052527605255067326,46.61987578717144,45.74774608612061,44.875616385069776,0.48650729089630657,10.799829990752842
2021-11-11,46.299354553222656,7881700,45.470163345336914,45.78288860321045,59.20374613406791,0.08269544554147501,0.05856117331234886,46.683971168066385,45.78288860321045,44.88180603835452,0.5146709475352242,11.224590861929764
2021-11-12,46.334938049316406,6535100,45.59649810791016,45.7953441619873,59.56043208152396,0.1317077385436889,0.07319048635861687,46.71942566485698,45.7953441619873,44.871262659117626,0.49379601769847287,11.651991859422699
2021-11-15,46.245967864990234,8483900,45.6703426361084,45.80646514892578,58.190502080930706,0.16150940367275268,0.09085426982144404,46.74648049615453,45.80646514892578,44.86644980169703,0.4769541776204705,12.11870380016433
2021-11-16,46.22817611694336,7932600,45.79045066833496,45.79045066833496,57.90368464420466,0.18159843885932503,0.10900310362902024,46.689371162419285,45.79045066833496,44.89153017425064,0.46131532708177153,12.217018277920044
2021-11-17,46.05913543701172,10025700,45.86073608398438,45.76553936004639,55.123659148073514,0.18178348695842317,0.12355918029490083,46.603622641273766,45.76553936004639,44.92745607881901,0.4569613871561293,11.975981878686317
2021-11-18,45.50752258300781,8646900,45.88564682006836,45.7317310333252,47.16577858642039,0.1358535563809582,0.12601805551211231,46.5540182471233,45.7317310333252,44.90944381952709,0.477067704598729,12.016383572175796
2021-11-19,45.427459716796875,9875000,45.90077095031738,45.69970226287842,46.12495582676252,0.0919335980099234,0.11920116401167453,46.51698373931688,45.69970226287842,44.88242078643996,0.4639625260898273,11.891852629912872
2021-11-22,44.95591735839844,10581300,45.8215877532959,45.635644149780276,40.46167736512812,0.018859783254278284,0.09913288786019528,46.474943593526945,45.635644149780276,44.79634470603361,0.4645039426832995,12.680856411381615
2021-11-23,45.00041198730469,14304900,45.75753059387207,45.58938083648682,41.195371462373295,-0.035057278231320765,0.07229485464189207,46.46101287093049,45.58938083648682,44.71774880204315,0.4611932585896315,13.697938102757446
2021-11-24,44.94702911376953,10756400,45.700591278076175,45.55245876312256,40.549738741692074,-0.08115893992533074,0.04160409572844751,46.46622347287876,45.55245876312256,44.63869405336636,0.4536706592875606,14.876052968760407
2021-11-26,43.630287170410156,13251100,45.433684539794925,45.45192394256592,28.630482010609366,-0.22139283058120895,-0.01099528953348379,46.689630831085466,45.45192394256592,44.21421705404637,0.5318415160630163,17.44938923051549
2021-11-29,43.69256591796875,19083200,45.169447326660155,45.382972717285156,29.683276549130966,-0.32377158749403634,-0.0735505491255943,46.833158453882284,45.382972717285156,43.93278698068803,0.5230853756448329,19.598413578358986
2021-11-30,43.76374053955078,20824800,44.92122459411621,45.295783615112306,30.937126263043602,-0.39461541198620864,-0.13776352169771716,46.90634592304996,45.295783615112306,43.68522130717465,0.5352903759691556,21.79826394632133
2021-12-01,43.73704528808594,18932600,44.67211151123047,45.23128108978271,30.715896482998584,-0.4477523268819894,-0.1997612827345716,46.97735183580472,45.23128108978271,43.485210343760706,0.5606044677702686,22.38659838439678
2021-12-02,44.253074645996094,22318400,44.4915054321289,45.17612075805664,39.69336321216627,-0.44311648718776553,-0.2484323236252104,46.97190609075214,45.17612075805664,43.38033542536114,0.5764852222922803,22.93290893403827
2021-12-03,43.639190673828125,21125000,44.30467224121094,45.09515953063965,34.042238627739344,-0.48340545971209536,-0.2954269508425874,47.01080626757772,45.09515953063965,43.179512793701576,0.5950440489400276,24.06273521558188
2021-12-06,43.923885345458984,13722700,44.154314804077146,45.02754287719726,38.420774703529155,-0.4867513138422339,-0.3336918234425167,47.00724855051223,45.02754287719726,43.047837203882295,0.5925769211092514,25.201080746818644
2021-12-07,44.56446075439453,14655400,44.11516914367676,44.96837844848633,46.953628672309826,-0.4327256533870312,-0.3534985894314196,46.92908811042394,44.96837844848633,43.00766878654871,0.5985474077760325,24.76378669987351
2021-12-08,44.83136749267578,11548300,44.09826469421387,44.92789764404297,50.05885019840116,-0.3641748046388713,-0.3556338324729099,46.86467395113155,44.92789764404297,42.99112133695439,0.5824845390215637,23.74061685098615
2021-12-09,44.60894775390625,17677100,44.06445655822754,44.882523918151854,47.5603443568386,-0.32405961962818,-0.34931898990396393,46.80448669685013,44.882523918151854,42.96056113945358,0.5624852149022403,22.790530562733604
2021-12-10,44.68901824951172,13189500,44.1703296661377,44.80200710296631,48.55579522802294,-0.28254996654155917,-0.335965185231483,46.61143136821056,44.80200710296631,42.992582837722054,0.5381949818594584,21.969244287620274
2021-12-13,44.00395584106445,17059600,44.20146865844727,44.68545799255371,41.32742129399292,-0.3014570690245648,-0.32906356199009934,46.381654648950764,44.68545799255371,42.98926133615665,0.5550403279398166,22.123804334278365
2021-12-14,43.90608596801758,16849400,44.21570320129395,44.56846389770508,40.40206980971697,-0.32064220108166097,-0.3273792898084117,46.135875318610545,44.56846389770508,43.001052476799615,0.5363659371025408,22.546545074380266
2021-12-15,43.745948791503906,20915100,44.21659355163574,44.444352531433104,38.86853235998029,-0.34479372089293747,-0.33086217602531687,45.851314267687215,44.444352531433104,43.03739079517899,0.5507992435447411,23.598450524909737
2021-12-16,43.861610412597656,20637200,44.177447128295896,44.3344762802124,40.621609334513195,-0.3505600105621838,-0.33480174293269027,45.550067936130226,44.3344762802124,43.11888462429457,0.550221539196399,23.45414157517977
2021-12-17,43.55911636352539,14400100,44.169439697265624,44.237055969238284,37.58581478999049,-0.37521335241635967,-0.34288406482942413,45.370514958507165,44.237055969238284,43.1035969799694,0.5477783744466664,23.846388968603456
2021-12-20,42.955345153808594,23244400,44.07258567810059,44.11345024108887,32.383678989163805,-0.4384167982064042,-0.36199061150482015,45.239842749349926,44.11345024108887,42.987057732827815,0.5723140579553798,24.9128053645843
2021-12-21,43.68310546875,19453500,43.98445014953613,44.04980964660645,42.68165771255851,-0.42488401068810333,-0.37456929134147676,45.121093333343275,44.04980964660645,42.97852595986962,0.584700905137268,24.5650723628772
2021-12-22,43.925682067871094,14604100,43.89388160705566,43.996073150634764,45.65279606296136,-0.3900885765408759,-0.37767314838135657,44.97507818770341,43.996073150634764,43.01706811356612,0.5750243923475686,23.836368975890757
2021-12-23,44.18623352050781,18927300,43.85161018371582,43.95803337097168,48.72709741722901,-0.33759701138281883,-0.369657920981649,44.84066098653114,43.95803337097168,43.07540575541221,0.5615467797362174,22.59955979435611
2021-12-27,44.329994201660156,15682600,43.815707778930665,43.99301872253418,50.39446248057552,-0.28115579333078244,-0.3519574954514757,44.876377690320396,43.99301872253418,43.109659754747966,0.5387637589734472,21.25459082886005
2021-12-28,44.17725372314453,18368000,43.833037567138675,44.01725311279297,48.58662962161531,-0.2459158368088552,-0.3307491637229516,44.89287173572081,44.01725311279297,43.14163448986513,0.5131158185183227,20.005691946395874
2021-12-29,43.98857879638672,13618500,43.84128684997559,44.02849502563477,46.373581665462666,-0.23055471589277232,-0.31071027415691577,44.89654638858882,44.02849502563477,43.16044366268072,0.5034183036178755,19.412685370317458
2021-12-30,44.554603576660156,15833800,43.92215232849121,44.069372940063474,53.25275166055178,-0.17073927155331603,-0.28271607363619583,44.955487269461976,44.069372940063474,43.18325861066497,0.5175166438336648,18.114660507688935
2021-12-31,44.437801361083984,14828700,43.97977142333984,44.07860927581787,51.776731793342954,-0.13124712840964037,-0.2524222845908847,44.97596985111818,44.07860927581787,43.18124870051756,0.5094302705478657,17.11608397047914
2022-01-03,44.75226974487305,13977200,44.09908676147461,44.13426322937012,55.36386361595537,-0.07372449985054175,-0.21668272764281613,45.05350884174767,44.13426322937012,43.21501761699257,0.5032050418981788,16.11140695515298
2022-01-04,44.57258224487305,9323100,44.260810470581056,44.16669807434082,52.94057622974876,-0.04215079371619623,-0.18177634085749214,45.09963824405461,44.16669807434082,43.23375790462703,0.49036511113409764,15.209419648681115
2022-01-05,43.907711029052734,18329200,44.28327102661133,44.13386058807373,45.07826745085451,-0.0699713683063905,-0.1594153463472718,45.05464068464708,44.13386058807373,43.21308049150038,0.5130969906277095,14.88643104292595
2022-01-06,44.15928649902344,14844700,44.30663146972656,44.100256538391115,48.212299982272036,-0.07090202181037597,-0.14171268143989263,44.964053491743705,44.100256538391115,43.236459585038524,0.5091769392694487,14.600731725439813
2022-01-07,44.38389587402344,10705600,44.32639770507812,44.08900394439697,50.90589845918381,-0.052905609064950454,-0.12395126696490419,44.93160444115165,44.08900394439697,43.246403447642294,0.5023279080907885,14.060120223380945
2022-01-10,44.473751068115234,18169200,44.34077339172363,44.07824058532715,51.98189588827916,-0.0310350068546299,-0.10536801494284934,44.895011565534745,44.07824058532715,43.26146960511956,0.4978932927469216,13.22941941622127
2022-01-11,45.33625793457031,16480000,44.456673812866214,44.144855690002444,60.851447811790884,0.05525772219380087,-0.07324286751551928,45.12708907926318,44.144855690002444,43.16262230074171,0.5245790132123285,13.333460843834914
2022-01-12,46.028079986572266,15080100,44.660623931884764,44.25095539093017,66.23832612672014,0.17742435198182704,-0.023109423616050014,45.522827396693195,44.25095539093017,42.97908338516715,0.5384501365810387,14.36954623405964
2022-01-13,45.45307159423828,12451500,44.75047073364258,44.3363115310669,58.97472704621685,0.22524740268959675,0.026561941645079343,45.6878018405268,44.3363115310669,42.98482122160699,0.5423449836632532,14.841318440961023
2022-01-14,45.54290771484375,13133500,44.86098136901855,44.4203763961792,59.71794404433175,0.26731509702245404,0.07471257272055429,45.850189352528496,44.4203763961792,42.990563439829906,0.5247841462520062,15.010413921004263
2022-01-18,44.869056701660156,19183200,44.872660064697264,44.48587341308594,52.09446338280797,0.24347329412874075,0.10846471700219158,45.87119456277821,44.48587341308594,43.10055226339367,0.5392821628248872,14.265934406052105
2022-01-19,45.048763275146484,14639500,44.92027816772461,44.59054431915283,53.788727617479516,0.23635476160831104,0.13404272592341548,45.80304435723588,44.59054431915283,43.37804428106978,0.5290004642680811,13.78733181603971
2022-01-20,45.3272819519043,16328800,45.062235260009764,44.672753143310544,56.36451652813894,0.2503020763082162,0.15729459600037562,45.850458791481415,44.672753143310544,43.49504749513967,0.5592406664058874,14.36763233053252
2022-01-21,44.61750030517578,21514300,45.108056640625,44.70734405517578,48.88620141754455,0.20175625616247572,0.16618692803279564,45.83481556517948,44.70734405517578,43.57987254517208,0.5719187856616372,13.751788686122264
2022-01-24,44.02452087402344,36464800,45.072119140625,44.699258422851564,43.67293519737798,0.1141193626097845,0.1557734149481934,45.843753402108696,44.699258422851564,43.55476344359443,0.6388823469930875,14.164793365661142
2022-01-25,44.015533447265625,26653700,45.026297378540036,44.68353538513183,43.59704929105702,0.04344052749112848,0.13330683745678043,45.85618395027119,44.68353538513183,43.51088681999248,0.6420213027800051,14.240112176100592
2022-01-26,43.55731964111328,20414900,44.84840354919434,44.65253868103027,39.799975488659264,-0.04898234527200884,0.09684900091102258,45.9069985770911,44.65253868103027,43.39807878496944,0.6616218650643456,14.127568087129328
2022-01-27,43.170982360839844,22849100,44.5626937866211,44.61165885925293,36.88319586278223,-0.15165415289716577,0.04714837014938491,45.99651201818601,44.61165885925293,43.226805700319844,0.6528684732667417,14.37447948548245
2022-01-28,43.24285888671875,27922500,44.34167251586914,44.54607162475586,37.7965525456165,-0.22463303540634172,-0.007207910961760412,46.05427689672533,44.54607162475586,43.037866352786395,0.6460238650747826,15.055917160036328
2022-01-31,44.62648010253906,20554000,44.250029754638675,44.55550556182861,52.15091392748543,-0.16887595992323412,-0.039541520754055155,46.063244186519384,44.55550556182861,43.04776693713784,0.7032019126911415,14.166500832913718
2022-02-01,44.88703536987305,21060100,44.25182762145996,44.56224384307861,54.2900927418212,-0.10248209359019,-0.052129635321282126,46.07463708447628,44.56224384307861,43.049850601680944,0.6857026926846987,13.556922427727917
2022-02-02,44.80616760253906,11594200,44.22756805419922,44.573923110961914,53.490787406678685,-0.05574721002723493,-0.052853150262472684,46.09005835526154,44.573923110961914,43.05778786666229,0.6745875834068465,13.151125411105507
2022-02-03,44.42882537841797,13942700,44.137722396850585,44.599978828430174,49.80595266636976,-0.04859763867529665,-0.052002047945037475,46.08705429394584,44.599978828430174,43.11290336291451,0.6681161495267303,12.410167901644346
2022-02-04,44.455780029296875,15478800,44.12155036926269,44.61480350494385,50.07054595917234,-0.040292074854512805,-0.04966005332693254,46.08987335715337,44.61480350494385,43.13973365273433,0.6640330527312558,11.558711239723811
2022-02-07,44.455780029296875,13489300,44.16467628479004,44.61839771270752,50.07054595917234,-0.03332569778860517,-0.04639318221926707,46.09154856103832,44.61839771270752,43.145246864376716,0.6422722474648895,10.734778112825731
2022-02-08,44.86008071899414,11707700,44.24913101196289,44.63771419525146,54.26446919299182,0.004763976843307205,-0.036161750406752215,46.112901817452595,44.63771419525146,43.16252657305033,0.6310503368861902,10.234542351585429
2022-02-09,45.524940490722656,11085600,44.445893096923825,44.647148323059085,60.18689900464881,0.08758927093105484,-0.011411546139190803,46.14236199954473,44.647148323059085,43.15193464657344,0.6353907333154234,10.638482895101601
2022-02-10,45.273372650146484,13962400,44.65613212585449,44.60941295623779,57.17024170462924,0.13141462493184264,0.017153688075015886,45.99757902570639,44.60941295623779,43.22124688676919,0.6394209817144876,11.309986203679653
2022-02-11,44.57258224487305,15697700,44.78910446166992,44.56538848876953,49.69755552089276,0.10834961781740304,0.03539287402349332,45.89849453940677,44.56538848876953,43.23228243813229,0.6579237415175815,10.94654784084239
2022-02-14,44.24014663696289,17819000,44.750471115112305,44.50025043487549,46.586747709026135,0.06252490998485172,0.040819281215765,45.76130061744088,44.50025043487549,43.2392002523101,0.6513604023941016,10.362877296659954
2022-02-15,45.246421813964844,12628200,44.78640975952148,44.51911869049072,55.63859732560034,0.10618249021894144,0.05389192301640029,45.81255374938585,44.51911869049072,43.225683631595594,0.6799201927496145,10.456036482658343
2022-02-16,45.58783721923828,12961900,44.864576721191405,44.54607238769531,58.22533461979032,0.16641250717379563,0.07639603984787936,45.903421062846334,44.54607238769531,43.18872371254429,0.6737104033936926,11.025203434246237
2022-02-17,44.99484634399414,11970000,44.92117881774902,44.52945060729981,52.49934542712457,0.16440071266397638,0.09399697441109876,45.855916674610654,44.52945060729981,43.20298453998896,0.6737205427690306,11.194411844073585
2022-02-18,44.64445114135742,15194200,44.94004592895508,44.53079814910889,49.407443313476854,0.13299925393268808,0.10179743031541663,45.857673968075645,44.53079814910889,43.203922330142134,0.6589685375336444,10.81991110686958
2022-02-22,43.95264434814453,19444900,44.889732360839844,44.52720432281494,43.90903379821418,0.05169444374238452,0.09177683300081022,45.859922149014885,44.52720432281494,43.19448649661499,0.6812084341863115,10.644178479745898
2022-02-23,43.548336029052734,15556200,44.758557891845705,44.5038444519043,41.034877501757144,-0.04484753207492531,0.06445195998566311,45.88703976722402,44.5038444519043,43.12064913658458,0.687741570578259,10.684923027109495
2022-02-24,42.6678352355957,31161900,44.472847366333006,44.45937023162842,35.57368905517747,-0.19021412876510624,0.013518742235509237,46.00866735620854,44.45937023162842,42.9100731070483,0.7875054895988647,12.399629606737294
2022-02-25,43.458492279052734,18987800,44.29135932922363,44.47374572753906,42.91987643777762,-0.23886529787606037,-0.03695806578680469,45.97968650817234,44.47374572753906,42.96780494690578,0.7902976869128829,13.008072444035491
2022-02-28,42.964332580566406,22508100,44.13053436279297,44.45981941223145,39.860680402336584,-0.3136803459433679,-0.09230252181811732,46.01536786612487,44.45981941223145,42.904270958338024,0.8012328124144955,13.694787389872257
2022-03-01,42.380332946777344,23007800,43.944552993774415,44.34751205444336,36.5454613586199,-0.4153082849200871,-0.15690367443851128,46.14433615735962,44.34751205444336,42.550687951527095,0.8043269469344188,14.571085715041187
2022-03-02,42.51511001586914,16913500,43.67142181396484,44.228915786743165,37.83054877531741,-0.47944700897805603,-0.22141234134642024,46.17458763024254,44.228915786743165,42.28324394324379,0.791798053247905,15.488112467543122
2022-03-03,41.922119140625,17723400,43.304850006103514,44.08471336364746,34.518208716965624,-0.5715384778865058,-0.2914375686544374,46.25268010435667,44.08471336364746,41.91674662293825,0.7814481692883757,16.494866146876365
2022-03-04,41.131473541259766,25190600,42.91851272583008,43.919845771789554,30.663176993931145,-0.7002480984577417,-0.37319967461509823,46.4322145686433,43.919845771789554,41.407476974935804,0.7955819619082212,18.08933738982184
2022-03-07,39.67596435546875,21377900,42.42166404724121,43.68085498809815,25.10473452521512,-0.9092179288435176,-0.4804033254607821,46.78378769476957,43.68085498809815,40.57792228142672,0.8446448124336924,20.29052961810567
2022-03-08,39.846683502197266,25919200,42.011067962646486,43.45040016174316,26.781260088062258,-1.048960651157806,-0.5941147906001869,46.94837473382566,43.45040016174316,39.95242558966066,0.8427129066888053,22.43514486191513
2022-03-09,40.85295486450195,16960800,41.741529846191405,43.250043869018555,35.89075031757965,-1.0662193630873418,-0.6885357050976179,46.859359606181314,43.250043869018555,39.640728131855795,0.860171474425174,23.478493459945046
2022-03-10,40.22402572631836,17520900,41.49714889526367,42.98499813079834,33.117431745420646,-1.1177614833078948,-0.7743808607396733,46.665010270620456,42.98499813079834,39.30498599097622,0.86162327345048,24.61739400244252
2022-03-11,39.406429290771484,18450900,41.091942596435544,42.69165096282959,29.884576326021815,-1.2106268318057047,-0.8616300549528796,46.527296737118306,42.69165096282959,38.85600518854088,0.8790150441240074,26.010554544619147
2022-03-14,38.46305465698242,27183200,40.64181480407715,42.38617458343506,26.65173089644962,-1.3448432228477856,-0.9582726885318608,46.53437179166404,42.38617458343506,38.23797737520607,0.8919550649161155,27.832941953756
2022-03-15,38.4450798034668,34112700,40.24828948974609,42.096421241760254,26.592701798103917,-1.436106557729893,-1.0538394623714673,46.488540914560275,42.096421241760254,37.70430156896023,0.8847184052874816,29.801044081574496
2022-03-16,41.436954498291016,33405400,40.14047393798828,41.905947875976565,47.45406135558297,-1.2525752170079016,-1.0935866132987542,46.05902786124955,41.905947875976565,37.752867890703584,1.036513111877319,28.471012914289684
2022-03-17,41.131473541259766,26385700,40.061409378051756,41.683129692077635,46.01612765254253,-1.1188773458691443,-1.0986447598128322,45.48552128995315,41.683129692077635,37.88073809420212,1.0221601883669573,27.23598397323951
2022-03-18,41.77836227416992,30410100,40.126098251342775,41.522305488586426,49.50544261775533,-0.9497739029400307,-1.0688705884382719,45.00986116245059,41.522305488586426,38.03474981472226,1.0312937725830882,25.547447414889607
2022-03-21,41.25033950805664,22204800,40.28353576660156,41.352599906921384,46.84387968067827,-0.8485832905010113,-1.0248131288508198,44.532706673053504,41.352599906921384,38.172493140789264,1.0210901514641757,23.979520610707556
2022-03-22,41.890106201171875,23516500,40.487878036499026,41.24947299957275,50.32841951311327,-0.7085969116122328,-0.9615698854031024,44.211950812472956,41.24947299957275,38.28699518667255,1.004150537383789,22.539933488914908
2022-03-23,41.60176086425781,19841900,40.56275863647461,41.152144241333005,48.77646679751622,-0.6138477024747147,-0.8920254488174248,43.92815763205423,41.152144241333005,38.37613085061178,0.9787656082129816,20.935890208594607
2022-03-24,41.854061126708984,17516500,40.72576217651367,41.11145553588867,50.2228542202601,-0.5124920595363989,-0.8161187709612197,43.82045935412825,41.11145553588867,38.40245171764909,0.9358853471733409,19.446421448297183
2022-03-25,41.5296745300293,22809800,40.938086700439456,41.0150146484375,48.33316568140619,-0.4531189958920905,-0.7435188159473938,43.51196547670944,41.0150146484375,38.51806382016556,0.9115151603073987,18.305830242814977
2022-03-28,41.664833068847656,19367000,41.25826454162598,40.95003967285156,49.19098317735069,-0.3906560113545794,-0.6729462550288309,43.30426166000479,40.95003967285156,38.59581768569833,0.8734387436137985,17.13647098651584
2022-03-29,42.30458450317383,15914100,41.64421501159668,40.946252250671385,53.155532432639575,-0.2862315527951367,-0.595603314582092,43.2914845112612,40.946252250671385,38.60101999008157,0.8644700621907987,16.502242795043024
2022-03-30,42.25051498413086,23389300,41.72557106018066,40.93302249908447,52.7806854886075,-0.20546885826001926,-0.5175764233176775,43.24546094559434,40.93302249908447,38.62058405257461,0.834259268405444,16.0790405929725
2022-03-31,41.56571960449219,19759200,41.768995666503905,40.91520252227783,48.14951842280629,-0.19447926908533475,-0.45295699247120896,43.20223117421474,40.91520252227783,38.62817387034092,0.8235832763506744,15.043795876374494
2022-04-01,42.358646392822266,18031700,41.82702407836914,40.97656116485596,53.26317522932638,-0.12039948511775123,-0.3864454910005174,43.347803862990425,40.97656116485596,38.60531846672149,0.8368403114693231,14.583833721600866
2022-04-04,43.09751510620117,15647300,42.011741638183594,41.14763870239258,57.47210377762377,-0.002046600484803207,-0.30956571289737456,43.610787205873976,41.14763870239258,38.68449019891118,0.8356346080055614,14.697284331039729
2022-04-05,42.34062957763672,15185300,42.056793975830075,41.27233600616455,52.27834486245263,0.03032500884908984,-0.24158756854808167,43.71181370416252,41.27233600616455,38.83285830816658,0.8332279278208216,14.255862168329125
2022-04-06,41.872074127197266,17994600,42.083825302124026,41.32329196929932,49.30767305174552,0.017964153917809256,-0.18967722405490348,43.76816956392046,41.32329196929932,38.87841437467818,0.8219829273671453,13.29340880720038
2022-04-07,41.56571960449219,18050600,42.05499114990234,41.39037666320801,47.410716642395066,-0.016363533710439526,-0.1550144859860107,43.78401448149283,41.39037666320801,38.996738844923186,0.8018863638259562,12.729309227599316
2022-04-08,41.64681625366211,12011400,42.066705322265626,41.50239601135254,47.981230523136,-0.03660271828642436,-0.13133213244609343,43.717176245389325,41.50239601135254,39.28761577731575,0.7652044200316174,12.065481990149603
2022-04-11,41.12420654296875,16692400,42.01264266967773,41.635453605651854,44.62173070329268,-0.09373216781538218,-0.12381213951995118,43.37197900788438,41.635453605651854,39.89892820341933,0.7510942354272105,11.943732817053114
2022-04-12,40.962013244628906,16535100,41.87838554382324,41.761300277709964,43.60139349589938,-0.1503620319256811,-0.12912211800109716,42.76488301847604,41.761300277709964,40.757717536943886,0.7360614880414891,12.008742695560302
2022-04-13,41.403526306152344,12040000,41.79368667602539,41.75962886810303,47.14448948744494,-0.15779621648401587,-0.1348569376976809,42.76547555082508,41.75962886810303,40.75378218538098,0.7169530705514278,12.069109011316979
2022-04-14,40.952999114990234,16026500,41.732414627075194,41.75070514678955,44.09999481560855,-0.19776196360693632,-0.147437942879532,42.78154146101577,41.75070514678955,40.71986883256333,0.6992099030158332,12.272180354477715
2022-04-18,40.78179168701172,19001600,41.57472915649414,41.70087661743164,42.96451231275078,-0.24047803365757403,-0.1660459610351404,42.814563131916096,41.70087661743164,40.58719010294718,0.6775851520404704,12.855819825425721
2022-04-19,40.574554443359375,15956300,41.32243309020996,41.667087364196775,41.56928692415499,-0.28773629562783043,-0.19038402795367843,42.87077103883287,41.667087364196775,40.46340368956068,0.6684459327111096,13.73542572957371
2022-04-20,40.31324768066406,20952500,41.1196949005127,41.58824443817139,39.81365271994351,-0.3423279372653809,-0.22077280981601893,42.922642601412186,41.58824443817139,40.25384627493059,0.6470878538877223,14.490780341342424
2022-04-21,39.58339309692383,20043900,40.89082679748535,41.487326049804686,35.325935310131605,-0.4394200114704816,-0.2645022501469115,43.08223344992669,41.487326049804686,39.89241864968268,0.6639411878026805,15.919238024192435
2022-04-22,39.26802444458008,22372700,40.66105728149414,41.358024215698244,33.5653713787066,-0.535639278211633,-0.3187296557598558,43.21140349620565,41.358024215698244,39.50464493519084,0.6641439282768304,17.475791778964936
2022-04-25,38.862552642822266,26472400,40.38263092041016,41.22466812133789,31.398683339570855,-0.6372659212036282,-0.38243690884861026,43.370236175240215,41.22466812133789,39.07910006743557,0.6765606720083358,19.52530860692371
2022-04-26,38.07862854003906,24194100,40.07807312011719,41.045357894897464,27.67864210856459,-0.772160901305945,-0.4603817073400772,43.57826484500806,41.045357894897464,38.51245094478687,0.6855164954113544,21.671110854968713
2022-04-27,38.610252380371094,53537400,39.84289703369141,40.86064128875732,33.43804548474199,-0.8266395576980159,-0.533633277411665,43.534207102939085,40.86064128875732,38.18707547457556,0.688040190954186,23.421310788144975
2022-04-28,39.114845275878906,19501900,39.61402893066406,40.703857803344725,38.44843394601697,-0.8196494471647071,-0.5908365113622734,43.40067831711023,40.703857803344725,38.00703728957922,0.6865218221937642,24.3812811357757
2022-04-29,39.14187240600586,20111300,39.432916259765626,40.58266544342041,38.714534821800356,-0.802676120016919,-0.6332044330932025,43.331026601364194,40.58266544342041,37.83430428547663,0.694765682033709,24.000983222915668
2022-05-02,39.06077575683594,25821000,39.26081466674805,40.417771911621095,38.181146112617284,-0.7866998713874267,-0.6639035207520474,43.1153889200705,40.417771911621095,37.72015490317169,0.6901924104520044,24.17602496566355
2022-05-03,39.358131408691406,20873600,39.13917236328125,40.23080272674561,41.37078712971986,-0.7414969479953655,-0.679422206200711,42.665072740777134,40.23080272674561,37.79653271271408,0.6659943994346929,24.02905610493469
2022-05-04,39.74558639526367,23587300,39.082406234741214,40.101050567626956,45.32907198598881,-0.6667233544089797,-0.6768824358423647,42.34050164312479,40.101050567626956,37.86159949212912,0.6969438094686798,24.338871950038975
2022-05-05,38.303897857666016,20766700,38.95445671081543,39.92264175415039,35.677076413386914,-0.7155485606734899,-0.6846156608085898,42.13769682875206,39.92264175415039,37.70758667954872,0.7733096720002671,25.22685674592907
2022-05-06,37.78128433227539,31210700,38.80578269958496,39.73341999053955,32.93900573201694,-0.7873374956905366,-0.7051600277849792,42.000662994147376,39.73341999053955,37.46617698693173,0.7727803451681776,26.375824434130966
2022-05-09,36.763092041015625,29101100,38.5958366394043,39.489233779907224,28.370662586754484,-0.9158331974062008,-0.7472946617092235,41.925262472094026,39.489233779907224,37.05320508772042,0.7948150312191646,27.979378338362757
2022-05-10,36.9162712097168,33960000,38.47960090637207,39.278837013244626,29.944801968470486,-0.9938502015616208,-0.796605769679703,41.83746334035805,39.278837013244626,36.7202106861312,0.7921059072890314,29.542714612473844
2022-05-11,36.65496826171875,30111800,38.28407249450684,39.06348476409912,28.78278016869341,-1.064493386406177,-0.8501832930249977,41.741428624006566,39.06348476409912,36.38554090419168,0.7908773054925852,30.862095269757685
2022-05-12,36.47475051879883,26431600,38.02006301879883,38.81704597473144,27.976431148240554,-1.1220859764015714,-0.9045638297003125,41.49540463705594,38.81704597473144,36.138687312406944,0.7858749402869264,32.43948070880287
2022-05-13,37.37580108642578,15708700,37.84345588684082,38.638186073303224,37.416713609125495,-1.082542393636821,-0.9401595424876141,41.19721320657646,38.638186073303224,36.07915894002999,0.794745519706232,32.83362202966617
2022-05-16,37.294708251953125,13006200,37.66684913635254,38.46383190155029,36.94734761900696,-1.0456932327547221,-0.9612662805410357,40.88643378503554,38.46383190155029,36.04123001806504,0.7650097909510721,33.09214035149784
2022-05-17,38.150718688964844,14383600,37.546107864379884,38.34264011383057,44.8166352269621,-0.9366203426979496,-0.9563370929724184,40.56498755185669,38.34264011383057,36.12029267580445,0.7798768560621847,32.04117397926692
2022-05-18,37.321739196777344,16249700,37.30372314453125,38.19306468963623,39.65508294411913,-0.9066200567858331,-0.9463936857351014,40.262152847546886,38.19306468963623,36.123976531725575,0.7878894477326774,31.611897410701683
2022-05-19,37.86237716674805,15545600,37.25957107543945,38.107013893127444,44.171023243822525,-0.8296558915090415,-0.9230461268898894,40.07850446587258,38.107013893127444,36.13552332038231,0.7824571578225881,31.21328345417682
2022-05-20,38.00653839111328,12317500,37.282096481323244,38.0439395904541,45.34554129670692,-0.7484015231347385,-0.8881172061388592,39.94217339401376,38.0439395904541,36.145705786894446,0.787066985942902,30.325917910426455
2022-05-23,38.276859283447266,10585800,37.43347320556641,38.01465492248535,47.57280915578805,-0.6546478411380932,-0.841423333138706,39.87924229148702,38.01465492248535,36.15006755348368,0.7565928124189988,29.501928030498238
2022-05-24,37.5920524597168,13145000,37.501051330566405,37.99032611846924,42.8129396014701,-0.6283621919951301,-0.7988111049099909,39.863616949434316,37.99032611846924,36.117035287504166,0.7752790382865024,29.51473682161032
2022-05-25,37.79929733276367,12023000,37.6154842376709,37.949778366088864,44.61885976338145,-0.5840748451928306,-0.7558638529665588,39.80263527957196,37.949778366088864,36.09692145260577,0.7514387845015122,29.21108044613928
2022-05-26,38.366973876953125,14458700,37.80470657348633,37.912384796142575,49.33821927578448,-0.49743591929907893,-0.7041782662330628,39.69867140907688,37.912384796142575,36.12609818320827,0.7492534611872547,28.05470529329433
2022-05-27,38.78145217895508,13420900,37.94527168273926,37.89436378479004,52.51963725427511,-0.39082383737875404,-0.641507380462201,39.637421013558026,37.89436378479004,36.15130655602205,0.7266282021731888,26.503860589872534
2022-05-31,39.322086334228516,19722800,38.1480094909668,37.90742931365967,56.368454089107814,-0.2597145091016557,-0.565148806190092,39.688760453147474,37.90742931365967,36.126098174171865,0.7435927311594698,25.319650372029482
2022-06-01,39.06077575683594,10936200,38.23901519775391,37.892561531066896,54.08633167790242,-0.1748791041283937,-0.48709486577775235,39.62962535101238,37.892561531066896,36.15549771112141,0.7400370735161683,23.691485270689522
2022-06-02,39.76360321044922,10197700,38.483201599121095,37.893462371826175,58.9054089061243,-0.050353686791268615,-0.3997466299804556,39.63438357401705,37.893462371826175,36.1525411696353,0.7380227469393009,22.382031276927616
2022-06-03,39.14187240600586,9320800,38.611151123046874,37.93536109924317,53.55081734797429,-0.0018139660207268093,-0.32016009718850985,39.75244631570422,37.93536109924317,36.118275882782115,0.7355086924445298,21.032128451803292
2022-06-06,39.358131408691406,11482500,38.74631042480469,38.01420345306396,55.0803679785406,0.05348783213078434,-0.245430511324651,39.93176475782713,38.01420345306396,36.096642148300795,0.7376797703572525,20.361652257053926
2022-06-07,39.556365966796875,10240500,38.87426109313965,38.153867149353026,56.49459411887354,0.1120194868034119,-0.1739405116990384,40.093355395247094,38.153867149353026,36.21437890345896,0.7171689346547856,19.486945703189523
2022-06-08,39.700531005859375,9156200,39.08510894775391,38.29308013916015,57.54151164158628,0.16810139045443862,-0.105532131268343,40.256800767172585,38.29308013916015,36.32935951114772,0.6891126342965587,19.06205572267249
2022-06-09,38.84452819824219,13729900,39.18963203430176,38.402558135986325,49.868046594746154,0.14183939424057002,-0.056057826166560396,40.228042692342484,38.402558135986325,36.57707357963017,0.7016771099389331,17.750916009002136
2022-06-10,38.53816604614258,15577600,39.2067512512207,38.50572891235352,47.430181629980886,0.09520820679166775,-0.025804619574914762,40.10266550733507,38.50572891235352,36.90879231737197,0.6843813916384773,17.02979654455708
2022-06-13,37.28570556640625,23994400,39.05717658996582,38.50122413635254,39.02982862717274,-0.04232257043975807,-0.029108209747883425,40.111338831315095,38.50122413635254,36.891109441389986,0.7346127408920081,17.65798004782911
2022-06-14,37.82633590698242,20284100,38.907601547241214,38.52780551910401,43.66772565278369,-0.10646508873249871,-0.04457958554480648,40.073639197047854,38.52780551910401,36.98197184116016,0.730411126179335,18.045881105526195
2022-06-15,38.38498306274414,17427400,38.840022277832034,38.53951873779297,48.064086405026345,-0.11094147566766566,-0.057851963569378315,40.0772748033682,38.53951873779297,37.00176267221774,0.7348765301068678,17.517756731016444
2022-06-16,37.186588287353516,18107300,38.58232078552246,38.53276119232178,40.722105373366325,-0.20878276972874943,-0.08803812480125253,40.092888692935595,38.53276119232178,36.97263369170796,0.7853625173887886,17.84328607881917
2022-06-17,37.348777770996094,16097300,38.403011322021484,38.50708122253418,42.01311596775611,-0.2701215709990876,-0.12445481404081955,40.12629102204241,38.50708122253418,36.887871423025956,0.7704562933526331,17.744122648514043
2022-06-21,37.94425964355469,11495800,38.26162414550781,38.50396728515625,46.61062323713508,-0.26759790043984566,-0.15308343132062477,40.127249943578846,38.50396728515625,36.880684626733654,0.7683324811085345,17.11631169103983
2022-06-22,37.31791305541992,14401600,38.03777885437012,38.456019973754884,42.7695045577117,-0.31253608694190405,-0.18497396244488062,40.158042338102696,38.456019973754884,36.75399760940707,0.7692135303674587,17.167517096972027
2022-06-23,37.49946594238281,14524700,37.81767234802246,38.45139064788818,44.20480475334612,-0.3296995516294743,-0.21391908028179935,40.16326259287516,38.45139064788818,36.73951870290121,0.7505800981093197,17.072231495693778
2022-06-24,38.29828643798828,11450100,37.76304817199707,38.47634010314941,50.13100811729472,-0.27566587842608925,-0.22626843991065732,40.16384082796533,38.47634010314941,36.78883937833349,0.7559712035615841,16.16614560541267
2022-06-27,38.325523376464844,11693700,37.741783905029294,38.474267578125,50.32474558686466,-0.22801756525805672,-0.2266182649801372,40.16240218695691,38.474267578125,36.78613296929309,0.7201283315927923,15.089960324972935
2022-06-28,38.071353912353516,12196800,37.82034873962402,38.43876266479492,48.433790306925,-0.20836340176197865,-0.2229672923365055,40.129428649154264,38.43876266479492,36.74809668043558,0.7192655826370934,14.201561413086917
2022-06-29,37.971500396728516,12481100,37.834865188598634,38.37123336791992,47.67587098965849,-0.19855585153129596,-0.2180850041754636,40.02281603656227,38.37123336791992,36.71965069927757,0.6879899046068464,13.246824565492634
2022-06-30,37.808101654052734,13290700,37.777177047729495,38.308599662780765,46.396404606056706,-0.20164378621893064,-0.214796760584157,39.945781116221646,38.308599662780765,36.67141820933988,0.6881263228717182,13.022371229553698
2022-07-01,37.58116149902344,13034100,37.81663436889649,38.19947757720947,44.6059220856926,-0.21986866153244478,-0.21581114077381455,39.72104216174968,38.19947757720947,36.67791299266926,0.6837141331759228,12.92661787339938
2022-07-05,37.28159713745117,15717000,37.80991630554199,38.10646381378174,42.28613953015338,-0.2555386563732185,-0.22375664389369535,39.613590829612995,38.10646381378174,36.59933679795048,0.6990691324542843,13.382274292736922
2022-07-06,37.02742385864258,11606600,37.71823272705078,37.9899284362793,40.367847262175836,-0.30084904316056793,-0.23917512374706987,39.451653771743196,37.9899284362793,36.528203100815404,0.6860944620298187,13.805383824978927
2022-07-07,37.79902267456055,9526600,37.766343688964845,37.90206127166748,48.069525540222635,-0.2713681125285845,-0.2456137215033728,39.1757575056416,37.90206127166748,36.62836503769336,0.7012794515268947,13.068058848756682
2022-07-08,37.708248138427734,7877900,37.787221908569336,37.802447128295896,47.29562872854104,-0.25241927673886266,-0.24697483255047076,38.773644438508114,37.802447128295896,36.83124981808368,0.6784206689538108,12.39510038231776
2022-07-11,36.773258209228516,11642400,37.63471908569336,37.698883628845216,40.12922077904719,-0.3092828410364419,-0.259436434247665,38.6449185101506,37.698883628845216,36.75284874753983,0.7051760441645879,12.751791418717403
2022-07-12,36.637088775634766,12804600,37.46587562561035,37.60382976531982,39.1976875493163,-0.3611719947638292,-0.27978354635089786,38.575140073937476,37.60382976531982,36.63251945670217,0.6807423510630566,13.28500787281942
2022-07-13,36.52816390991211,15757700,37.31155662536621,37.565952682495116,38.429210029746734,-0.4063991330436352,-0.30510666368944533,38.63780893560248,37.565952682495116,36.49409642938775,0.6749121703516222,14.162756404183924
2022-07-14,36.2830696105957,18559400,37.14271354675293,37.48878936767578,36.68633630009603,-0.45675385348702946,-0.33543610164896215,38.689063098632175,37.48878936767578,36.28851563671938,0.6701469222356936,15.150164064119702
2022-07-15,36.41015625,14423900,37.00291900634765,37.390048027038574,38.2501736326578,-0.48086241988208656,-0.36452136529558704,38.60401461328079,37.390048027038574,36.17608144079636,0.6572926028029024,15.885906166360916
2022-07-18,36.58262252807617,23135300,36.90306510925293,37.359849739074704,40.40155804065544,-0.4805129905173544,-0.3877196903399405,38.6216639648109,37.359849739074704,36.09803551333851,0.6583239994256221,15.457613861852746
2022-07-19,37.10005187988281,21114800,36.884910583496094,37.34741344451904,46.431627081251925,-0.43348687402745156,-0.3968731270774427,38.614311610282286,37.34741344451904,36.0805152787558,0.6527988642046039,14.932726525371143
2022-07-20,36.94573211669922,20319700,36.87674140930176,37.29748706817627,44.970231884142535,-0.4040134376693487,-0.3983011891958239,38.54491838530684,37.29748706817627,36.05005575104569,0.6249739236939729,14.508347988161157
2022-07-21,37.39961242675781,14990800,36.83680038452148,37.30157203674317,49.95890508160203,-0.3401105959861681,-0.38666307055389276,38.549778997413554,37.30157203674317,36.05336507607278,0.6127529512914458,13.602898888800777
2022-07-22,37.01835250854492,8552400,36.7678108215332,37.27751636505127,46.17243409960129,-0.31658225941392004,-0.3726469083258982,38.52808270713684,37.27751636505127,36.0269500229657,0.6065920969531279,13.02877904730274
2022-07-25,37.190826416015625,10830900,36.80956764221192,37.22214336395264,48.08918852549016,-0.28078200014268617,-0.3542739266892558,38.38178133334043,37.22214336395264,36.06250539456485,0.5775289300967659,12.495667765911707
2022-07-26,36.836795806884766,10031900,36.829538345336914,37.14770698547363,44.58002104826644,-0.27777532708145003,-0.33897420676769463,38.20070564635944,37.14770698547363,36.09470832458783,0.5673999438677971,12.328374518025738
2022-07-27,37.56300735473633,11653800,36.93302268981934,37.12228965759277,52.27350740539727,-0.21432273522957246,-0.3140439124600702,38.107222227790295,37.12228965759277,36.13735708739525,0.5845792238497955,11.498444309172054
2022-07-28,37.68101501464844,12100400,37.07281723022461,37.10776538848877,53.405448172705796,-0.15275302532152324,-0.2817857350323608,38.04981176701499,37.10776538848877,36.16571900996256,0.582375898497933,10.872161272391462
2022-07-29,37.5085334777832,12881200,37.18265495300293,37.092786979675296,51.48346727007649,-0.11653308431362319,-0.24873520488861328,37.998647235828535,37.092786979675296,36.186926723522056,0.5835725200386628,10.116115278234641
2022-08-01,37.28159713745117,14053200,37.25255241394043,37.07780876159668,48.985552412455306,-0.10493080914231001,-0.21997432573935263,37.96048273114546,37.07780876159668,36.195134792047895,0.5801442699521794,9.58654467292976
2022-08-02,37.06373977661133,13208000,37.24892120361328,37.066915893554686,46.645772501376356,-0.11202384958344425,-0.19838423050817094,37.944624481334785,37.066915893554686,36.18920730577459,0.5814996650711693,9.34570915469287
2022-08-03,37.26344299316406,7069800,37.28069229125977,37.07871685028076,49.0482726063306,-0.1003737090122172,-0.1787821262089802,37.96032218758035,37.07871685028076,36.197111512981174,0.5710870579024331,9.122076173472902
2022-08-04,37.572086334228516,11478200,37.297939682006835,37.06737003326416,52.600683500197356,-0.0654811248442968,-0.15612192593604352,37.91685668011032,37.06737003326416,36.217883386418,0.5581766725662007,8.764059073258538
2022-08-05,37.56300735473633,8281100,37.35240516662598,37.06010799407959,52.48476244554835,-0.03812165555718394,-0.1325218718602716,37.88980850394439,37.06010799407959,36.23040748421479,0.5422975755733394,8.180875434670499
2022-08-08,37.64470291137695,8486300,37.39779281616211,37.10368022918701,53.47827381526611,-0.00973471463946396,-0.10796444041611006,37.95966063844426,37.10368022918701,36.247699819929764,0.526255675332769,8.175598789149728
2022-08-09,37.56300735473633,7219500,37.47041397094726,37.14997615814209,52.30058336595956,0.00609967859413274,-0.0851516166140615,38.00014318504256,37.14997615814209,36.29980913124162,0.51006299727962,7.923023258367281
2022-08-10,38.0350341796875,7292400,37.51761665344238,37.22531967163086,58.04900907939129,0.05609059176648401,-0.05690317493795239,38.108163281462595,37.22531967163086,36.34247606179912,0.5112363581526934,8.345560668973295
2022-08-11,38.216583251953125,10109800,37.57117347717285,37.32199535369873,60.04351429708211,0.1091005996832024,-0.02370242001372143,38.194338033519294,37.32199535369873,36.44965267387817,0.5227008236370948,9.79667341554848
2022-08-12,38.61600875854492,9075700,37.68192100524902,37.432287979125974,64.08880096457665,0.1812523488653568,0.017288533762094216,38.3708655871694,37.432287979125974,36.49371037108255,0.5177849644897582,11.144135251654008
2022-08-15,38.47076416015625,8868500,37.800837707519534,37.52669506072998,61.64476766781871,0.22412947956264873,0.05865672292220512,38.48407555878948,37.52669506072998,36.56931456267048,0.5067366044517865,12.395349813752
2022-08-16,38.48891830444336,10804300,37.943355560302734,37.596138381958006,61.84064602889583,0.2566166848718865,0.0982487153121414,38.61890802953613,37.596138381958006,36.57336873437988,0.48545426153375903,13.573237041188706
2022-08-17,38.39813995361328,10500500,38.05682525634766,37.66875877380371,60.18546814044758,0.27190363899527625,0.13297970004876836,38.70268261479504,37.66875877380371,36.63483493281238,0.47217596869717277,14.42376792172618
2022-08-18,38.153045654296875,11487100,38.114921188354494,37.706430435180664,55.839859797532576,0.26123029838869627,0.15862981971675394,38.753206771359594,37.706430435180664,36.659654099001735,0.4663302107287441,14.401821645538362
2022-08-19,37.72640609741211,10237500,38.13126106262207,37.74183311462402,49.18276862796807,0.21585708627149813,0.17007527302770278,38.739889655071174,37.74183311462402,36.74377657417687,0.4693307583353172,13.384642157097565
2022-08-22,37.46315383911133,10150400,38.113106155395506,37.75544948577881,45.572506232806845,0.15684818339475726,0.1674298551011137,38.73022432491426,37.75544948577881,36.78067464664336,0.4578528071993063,12.961179335326335
2022-08-23,37.69916915893555,11575200,38.12672233581543,37.798568153381346,49.17463375699415,0.12765612621639377,0.1594751093241697,38.67868046878126,37.798568153381346,36.91845583798143,0.4510848163102331,12.105253607628553
2022-08-24,37.72640609741211,9775000,38.09585952758789,37.80673809051514,49.58926929170944,0.10550283290707796,0.14868065404075134,38.68096597311729,37.80673809051514,36.93251020791299,0.4571199800196883,11.533187053873428
2022-08-25,38.42537307739258,11979000,38.11673851013184,37.843955993652344,58.86382234992668,0.14270200227392138,0.14748492368738536,38.75615898230158,37.843955993652344,36.93175300500311,0.47504305505391253,12.111561070926163
2022-08-26,37.917030334472656,8782400,38.04684066772461,37.864380836486816,51.450032035037566,0.1296688591543429,0.14392171078077687,38.763831732705285,37.864380836486816,36.96492994026835,0.502709286699632,13.21832308889689
2022-08-29,37.7354736328125,9447100,37.97331161499024,37.887074661254886,49.07279246518113,0.10349684365296241,0.13583673735521398,38.74867080878382,37.887074661254886,37.02547851372595,0.4888470265518907,13.783669799543645
2022-08-30,37.28159713745117,10693400,37.852579498291014,37.89796752929688,43.64379209588226,0.045605580098516896,0.11779050590387456,38.72235690516931,37.89796752929688,37.07357815342444,0.5051528958156429,12.919870394161922
2022-08-31,37.336063385009766,9337500,37.746371841430665,37.90159854888916,44.438175285948226,0.004074341163395445,0.09504727295577874,38.715347946382735,37.90159854888916,37.08784915139559,0.5034355373406125,12.117770946307465
2022-09-01,37.16358947753906,18818700,37.647426223754884,37.88117370605469,42.400030276357136,-0.04226941234369974,0.06758393589588303,38.745890540087174,37.88117370605469,37.016456872022204,0.5057312001609049,12.209757083364119
2022-09-02,36.86403274536133,10848500,37.56118888854981,37.84622497558594,39.05006014853974,-0.10199318176265137,0.03366851236417615,38.81034049219977,37.84622497558594,36.88210945897211,0.5033242799371065,12.102326815187803
2022-09-06,36.54631042480469,14144900,37.46950454711914,37.79130535125732,35.817658742762156,-0.17296836363941992,-0.007658862836543066,38.908125573238024,37.79130535125732,36.67448512927662,0.49395722757718674,12.550635585592802
2022-09-07,36.854949951171875,9883200,37.38508262634277,37.755902481079104,40.932592255351835,-0.20198373350629595,-0.04652383697049364,38.94215803843869,37.755902481079104,36.56964692371952,0.4962815330458173,13.187151626234623
2022-09-08,36.74602508544922,12770900,37.287044525146484,37.69145202636719,39.72923437575162,-0.2311039272943276,-0.08343985503526044,38.9480244965115,37.69145202636719,36.434879556222874,0.49001021322492455,13.778202235402029
2022-09-09,37.23621368408203,9009700,37.16812858581543,37.64243354797363,47.24555762799223,-0.21218186695476504,-0.10918825741916136,38.88969412887427,37.64243354797363,36.395172967072995,0.49456172282762567,12.9748701722477
2022-09-12,37.808101654052734,10716200,37.15723571777344,37.60203819274902,54.39174836704718,-0.14931817117021495,-0.11721424016937207,38.77039227603092,37.60203819274902,36.43368410946712,0.5007333155845411,12.889129538270849
2022-09-13,36.60986328125,9973100,37.044674682617185,37.50899314880371,41.658568919978116,-0.19395032334412576,-0.1325614568043228,38.68217983165568,37.50899314880371,36.33580646595174,0.5544455838902148,12.819298359946044
2022-09-14,36.79140853881836,10471000,36.9956558227539,37.42411766052246,43.80505206296026,-0.21222603087272063,-0.14849437161800236,38.54594049463819,37.42411766052246,36.30229482640674,0.5362390919190821,12.754455122930153
2022-09-15,36.47370147705078,14054400,36.90941963195801,37.32789573669434,40.964610388331266,-0.24947022795637963,-0.1686895428856778,38.428970727562934,37.32789573669434,36.22682074582574,0.5271140252864296,13.11838462861663
2022-09-16,36.01073455810547,19815200,36.79413414001465,37.22078018188476,37.1811256695269,-0.3127390228756042,-0.1974994388836631,38.3943556604806,37.22078018188476,36.04720470328893,0.533554738872199,14.178544439300778
2022-09-19,36.15702819824219,20290600,36.72343368530274,37.14231128692627,39.09535403931757,-0.3470744661447185,-0.22741444433587416,38.378366333154354,37.14231128692627,35.90625624069819,0.5256733082683638,15.305803945566554
2022-09-20,36.02821350097656,10472300,36.67162399291992,37.07056427001953,37.99740498143107,-0.3802960061956071,-0.25799075670782073,38.387718902642185,37.07056427001953,35.75340963739688,0.5078408361362345,16.35254491567049
2022-09-21,35.43020248413086,19732800,36.52914924621582,36.957115936279294,33.319192354868186,-0.44969500323518474,-0.29633160601329356,38.420858661273606,36.957115936279294,35.49337321128498,0.5182243717694686,17.952862787373988
2022-09-22,35.32899856567383,19730200,36.387446594238284,36.837245559692384,32.58795897760011,-0.5070159544880042,-0.3384684757082357,38.41739077464263,36.837245559692384,35.25710034474214,0.5048661959238924,19.634159112049222
2022-09-23,34.519378662109375,22623300,36.115763092041014,36.64194583892822,27.4061830752007,-0.6107326356172891,-0.39292130769004635,38.349096261444025,36.64194583892822,34.93479541641242,0.5404346488210895,22.005248465166492
2022-09-26,34.04096221923828,21316600,35.73904914855957,36.4481424331665,24.887822185622316,-0.723196502194142,-0.4589763465908655,38.3954427665973,36.4481424331665,34.500842099735706,0.5412621887598011,24.472867563181232
2022-09-27,34.02256774902344,19028000,35.480319595336915,36.262497138977054,24.793487176567044,-0.8045350277379413,-0.5280880828202806,38.38366664510221,36.262497138977054,34.1413276328519,0.5472876098334463,26.830407403231842
2022-09-28,34.28936767578125,15878500,35.230115509033205,36.11288566589356,28.99730547153436,-0.8378101173800303,-0.5900324897322305,38.344647462441365,36.11288566589356,33.88112386934575,0.5535399343791846,29.094398981888684
2022-09-29,33.61775588989258,15620900,34.94452095031738,35.92697029113769,25.18149129960443,-0.907908519622012,-0.6536076957101868,38.332880593613325,35.92697029113769,33.52105998866206,0.5836600887614803,31.51553688772847
2022-09-30,33.571754455566406,14585900,34.700622940063475,35.747378540039065,24.93941427640226,-0.9561520144915079,-0.714116559466451,38.28961269906054,35.747378540039065,33.20514438101759,0.5662852387944838,33.448612927806266
2022-10-03,34.08696746826172,25180700,34.49361686706543,35.60852527618408,32.738421339842276,-0.9419536916301823,-0.7596839858991973,38.19461175315407,35.60852527618408,33.02243879921409,0.5685516863742043,34.40302152937768
2022-10-04,35.043792724609375,15692700,34.39517478942871,35.533399391174314,44.31093674742348,-0.8437671938207245,-0.7765006274835027,38.093314242481135,35.533399391174314,32.97348453986749,0.6041713802563387,33.13111711840257
2022-10-05,35.108192443847656,11790500,34.36297378540039,35.446061515808104,44.99687356526101,-0.7520875704259851,-0.7716180160719992,37.937951048097204,35.446061515808104,32.954171983519004,0.592560000536727,31.83103681687674
2022-10-06,34.85978698730469,12713600,34.31605262756348,35.35174961090088,42.80665558005031,-0.6915038270298126,-0.7555951782635619,37.78170784255363,35.35174961090088,32.921791379248134,0.5712634333251191,30.623819394031322
2022-10-07,34.169769287109375,14150700,34.28109169006348,35.19842739105225,37.3658451510896,-0.6912016927375078,-0.7427164811583511,37.517875757307394,35.19842739105225,32.878979024797104,0.5843459914703194,30.460402400626
2022-10-10,33.700557708740234,11826300,34.24705123901367,34.99305019378662,34.18407166458061,-0.7205180189284022,-0.7382767887123614,37.066155187833516,34.99305019378662,32.91994519973973,0.5853223258967514,30.87578882231378
2022-10-11,33.17613983154297,14793200,34.162408447265626,34.82136402130127,31.006199405822017,-0.7771095237383889,-0.7460433357175669,36.89916947176526,34.82136402130127,32.74355857083728,0.5882008241763909,31.716591048103474
2022-10-12,33.16694259643555,13520200,34.05016593933105,34.64014072418213,30.951853879938813,-0.813325330891665,-0.7594997347523865,36.629390564276314,34.64014072418213,32.65089088408795,0.5665585778098324,32.51360371167584
2022-10-13,33.29574203491211,24983600,34.01796455383301,34.4812427520752,32.73004230555246,-0.8221562749550344,-0.7720310427929161,36.364116413372294,34.4812427520752,32.5983690907781,0.6069209393234359,33.843467434533764
2022-10-14,32.808128356933594,17628500,33.94160194396973,34.3211124420166,29.620057632000336,-0.8586037607128816,-0.7893455863769092,36.20117618522122,34.3211124420166,32.441048698811976,0.6148279569555363,34.97303096430522
2022-10-17,33.645355224609375,19459100,33.89744071960449,34.19552879333496,40.13767204089553,-0.8105874964554332,-0.793593968392614,35.89516607753161,34.19552879333496,32.4958915091383,0.6412281677294457,35.368171442840186
2022-10-18,33.65455627441406,13684600,33.75851707458496,34.07684593200683,40.243361920205054,-0.7629964649706693,-0.787474467708225,35.56654657886845,34.07684593200683,32.58714528514522,0.638798804530283,35.209748493992926
2022-10-19,33.06573486328125,14793200,33.55427131652832,33.95862255096436,35.87783273071033,-0.7639864364621971,-0.7827768614590195,35.37335053654449,33.95862255096436,32.54389456538422,0.6424575562219665,35.529655618
2022-10-20,33.32334518432617,11343100,33.40062713623047,33.858339881896974,38.99576704285429,-0.735505545935311,-0.7733225983542777,35.14921485667091,33.858339881896974,32.56746490712304,0.6497979459364854,34.858756835704234
2022-10-21,33.81095886230469,12821500,33.36474609375,33.82291889190674,44.4971439963933,-0.6659116711146993,-0.751840412906362,35.07766753318291,33.82291889190674,32.568170250630565,0.6533279701767455,34.423396728523336
2022-10-24,32.49531936645508,32579800,33.244222259521486,33.745636749267575,35.258285261812794,-0.7087491173359624,-0.7432221537922821,35.12168164532964,33.745636749267575,32.36959185320551,0.7295509500869823,34.99124799146654
2022-10-25,32.762123107910156,18412100,33.2028205871582,33.68261451721192,38.066631109030894,-0.7129508167113485,-0.7371678863760953,35.11639762837824,33.68261451721192,32.248831406045596,0.6991262836551851,35.120098840883976
2022-10-26,33.20374298095703,14333800,33.20650062561035,33.628333282470706,42.51178302242534,-0.672889015047744,-0.724312112110425,35.04825648836815,33.628333282470706,32.20841007657326,0.7011050659061552,34.010969641075256
2022-10-27,32.96453094482422,14762300,33.173379516601564,33.595672035217284,40.803429782574256,-0.6529157543469921,-0.7100328405577384,35.0448163395586,33.595672035217284,32.14652773087597,0.6759983353479173,32.98106395553859
2022-10-28,32.734535217285156,12132400,33.166020202636716,33.55381107330322,39.17345222260137,-0.6481737904182125,-0.6976610305298332,35.05087712661936,33.55381107330322,32.05674501998708,0.6677988638661354,32.588736389391364
2022-10-31,32.614925384521484,18313400,33.06297721862793,33.48020896911621,38.31621821517978,-0.6466135057324394,-0.6874515255703544,35.00958394212011,33.48020896911621,31.95083399611232,0.6483572990242735,32.292014810107915
2022-11-01,33.15774154663086,21685500,33.01329574584961,33.38590641021729,44.275876537932035,-0.594720671400303,-0.6689053547363442,34.74062192766556,33.38590641021729,32.03119089276902,0.6631621474556317,30.63927300501153
2022-11-02,32.909332275390625,18052600,32.99765548706055,33.275963401794435,42.263472143429,-0.5671025730179409,-0.6485447983926635,34.38910086755551,33.275963401794435,32.16282593603336,0.6670521873901943,28.881950339554
2022-11-03,33.17613983154297,19192000,32.98293495178223,33.19178104400635,45.14724810464259,-0.5177179607117068,-0.6223794308564722,34.03500216522099,33.19178104400635,32.34855992279171,0.6588351892141137,27.48661051858065
2022-11-04,34.52857971191406,18646100,33.054697036743164,33.20972156524658,56.899002424596745,-0.3652394510893373,-0.5709514349030452,34.14558926157305,33.20972156524658,32.27385386892011,0.7083783814396122,26.523775836335624
2022-11-07,34.464176177978516,14516600,33.25158271789551,33.2479024887085,56.28064474277523,-0.24675156219954886,-0.506111460362346,34.31400026306609,33.2479024887085,32.1818047143509,0.6840662346871642,25.830677904011036
2022-11-08,34.61137771606445,16713600,33.43650817871094,33.31966438293457,57.41966517069363,-0.1393646141656646,-0.43276209112300973,34.53898728929255,33.31966438293457,32.10034147657659,0.6687194838961444,25.099801388111846
2022-11-09,33.976558685302734,11003200,33.51378974914551,33.36014518737793,51.22189230558132,-0.10428217455126543,-0.3670661078086609,34.60987748028609,33.36014518737793,32.110412894469775,0.6695837797916909,23.85780647986612
2022-11-10,35.117393493652344,14703600,33.72907600402832,33.45122776031494,59.650738036572946,0.015399233499884701,-0.2905730395469518,34.91594665223147,33.45122776031494,31.98650886839842,0.7052162224536939,23.53013490490909
2022-11-11,35.82581329345703,13116800,34.03820381164551,33.602112007141116,63.83038546026055,0.1655033493819289,-0.19935776176117564,35.36260998524031,33.602112007141116,31.84161402904192,0.7139882186759877,23.997111640928733
2022-11-14,35.706207275390625,19903400,34.34733200073242,33.70515460968018,62.65040461479454,0.271678990305503,-0.10515041134783991,35.69058942441011,33.70515460968018,31.719719794950247,0.6879612625454985,24.430732895804113
2022-11-15,36.49742889404297,14947400,34.681300735473634,33.84729824066162,66.99683632062253,0.41488637097509695,-0.001143054883252545,36.17538313038208,33.84729824066162,31.519213350941165,0.7157090963309015,25.53069821549559
2022-11-16,35.917823791503906,12313200,34.98214988708496,33.98990268707276,61.36337953559914,0.47612153145698954,0.09430986238479588,36.45442740595146,33.98990268707276,31.52537796819405,0.707301735717657,25.947542954105952
2022-11-17,36.11102294921875,10152900,35.27563819885254,34.12928657531738,62.495421870745574,0.534083809014561,0.1822646517107489,36.73833641561575,34.12928657531738,31.52023673501901,0.7126388081086846,25.49232847663178
2022-11-18,35.853416442871094,13884800,35.40812187194824,34.2314094543457,59.972231447842084,0.5528596178878971,0.25638364494617855,36.94059438582244,34.2314094543457,31.522224522868957,0.690651074285492,25.06962931897719
2022-11-21,35.5222053527832,11523200,35.513924789428714,34.38275375366211,56.797106914618524,0.5348482174495928,0.3120765594468614,37.02443724280852,34.38275375366211,31.7410702645157,0.6774630176099449,24.127211649356752
2022-11-22,35.61420822143555,12576700,35.61420783996582,34.525358009338376,57.47067305476641,0.5219808451758965,0.35405741659266843,37.108990151329735,34.525358009338376,31.941725867347017,0.6461588901560293,23.296559984740963
2022-11-23,35.80741500854492,8148200,35.797293472290036,34.655541610717776,58.91915304062668,0.5213635781761568,0.3875186489093661,37.22201092439581,34.655541610717776,32.08907229703974,0.618405376636433,22.797972054113103
2022-11-25,35.67860794067383,4877400,35.853414916992186,34.791245460510254,57.512812191199934,0.5046632914581366,0.4109475774191202,37.27127209894028,34.791245460510254,32.31121882208023,0.5860625241172405,22.33499754710152
2022-11-28,35.59580612182617,14967900,35.8304141998291,34.934309005737305,56.57791066665888,0.4792225993184758,0.4246025817989913,37.247772984722246,34.934309005737305,32.62084502675236,0.571801576042536,22.100176069112734
2022-11-29,36.29502868652344,12193700,35.88929634094238,35.1183141708374,62.17026639481957,0.5096076451185994,0.4416035944629129,37.242246258355756,35.1183141708374,32.994382083319046,0.5907603468688849,22.48513002571287
2022-11-30,37.279449462890625,16331300,35.96749839782715,35.32439956665039,68.35045302055043,0.6061353908531828,0.4745099537409669,37.447259641661056,35.32439956665039,33.20153949163973,0.6274221167134841,23.78521509490406
2022-12-01,37.18745422363281,18123200,36.09446144104004,35.5383056640625,67.24485654921276,0.6675163646833226,0.5131112359294381,37.50075213486164,35.5383056640625,33.575859193263355,0.6108642165079633,25.023842110913694
2022-12-02,37.41745376586914,12581500,36.22510452270508,35.75037136077881,68.61185251501966,0.7263473889772669,0.5557584665390038,37.55635661694715,35.75037136077881,33.944386104610466,0.6079749944203748,25.97677970570522
2022-12-05,37.04024887084961,11066600,36.34378776550293,35.87595481872559,63.90169796957109,0.734072189730476,0.5914212111772983,37.673925830006475,35.87595481872559,34.0779838074447,0.6020063941745543,26.840888295110215
2022-12-06,37.06785202026367,10671300,36.498352432250975,36.00613861083984,64.09594105125021,0.7339608496501526,0.6199291388718692,37.75268047412428,36.00613861083984,34.2595967475554,0.5793780339802843,27.64327484241485
2022-12-07,36.84703826904297,13380600,36.62163543701172,36.11792163848877,61.25631085317773,0.707894619009501,0.6375222348993955,37.7770712867837,36.11792163848877,34.45877199019383,0.5649379227471826,27.737028224025043
2022-12-08,37.27024841308594,16254600,36.76791877746582,36.28260612487793,64.50229346545663,0.7131655367615934,0.6526508952718351,37.694264006534205,36.28260612487793,34.870948243221655,0.564014979744542,28.36846837898864
2022-12-09,36.95745086669922,10962700,36.89580307006836,36.37460899353027,60.469782332045064,0.6842154197700054,0.6589638001714692,37.70819770576523,36.37460899353027,35.04102028129532,0.5493577074075631,28.64310386525982
2022-12-12,36.85624694824219,15846000,37.02184715270996,36.42613067626953,59.18064615973277,0.6456631304008766,0.6563036662173507,37.7505175525382,36.42613067626953,35.10174380000086,0.5403475254689818,27.93880683849883
2022-12-13,37.04944610595703,20943100,37.09728889465332,36.49329261779785,60.894564401775774,0.6235122595117062,0.6497453848762218,37.800963897907465,36.49329261779785,35.18562133768823,0.5582665543919852,28.26981964040305
2022-12-14,37.11384582519531,19430000,37.08072853088379,36.524113464355466,61.4752317939139,0.6041893353125687,0.6406341749634912,37.85948544001604,36.524113464355466,35.188741488694895,0.5473053820869935,28.32247751300069
2022-12-15,36.396236419677734,16821500,37.00160675048828,36.54803409576416,52.17776538501464,0.5249197488438995,0.6174912897395728,37.85596475186996,36.54803409576416,35.240103439658355,0.5640700659678969,27.316810283692455
2022-12-16,36.35022735595703,12156700,36.89488410949707,36.559994316101076,51.63853013869385,0.45316171733836796,0.5846253752593318,37.85604221896573,36.559994316101076,35.26394641323642,0.5441511917353182,26.382967107444465
2022-12-19,36.42036056518555,19755100,36.832895278930664,36.588341522216794,52.44530287956293,0.3973714732501179,0.547174594857489,37.845550720733215,36.588341522216794,35.33113232370037,0.5259881120575611,25.50573768704872
2022-12-20,36.29879379272461,18051400,36.755989456176756,36.627170944213866,50.86144476448589,0.33943508394477107,0.5056266926749454,37.795067508109184,36.627170944213866,35.45927438031855,0.508454606663578,24.377488226427435
2022-12-21,36.63542175292969,15728300,36.73482780456543,36.67823162078857,54.92121847688435,0.3170286323521623,0.46790708061038877,37.749841873077536,36.67823162078857,35.60662136849961,0.5048631729297645,23.647498475144882
2022-12-22,36.30815505981445,17285500,36.63861846923828,36.70326862335205,50.54875478791136,0.26975411347865474,0.428276487184042,37.713995166283034,36.70326862335205,35.69254208042107,0.5122147889424135,22.617859561739902
2022-12-23,36.23334503173828,14616500,36.56620788574219,36.73100547790527,49.57710468518235,0.223673800287024,0.3873559498046384,37.65440709456497,36.73100547790527,35.807603861245575,0.49566484017587803,21.661766285006706
2022-12-27,36.80373001098633,13829000,36.560956192016604,36.79140167236328,56.450557897176125,0.23052279769471085,0.3559893193826529,37.55389888571136,36.79140167236328,36.028904459015195,0.5136919211959524,21.855164525674386
2022-12-28,36.270748138427734,15688000,36.48308639526367,36.79018764495849,49.64102967641602,0.19074470842033264,0.32294039719018885,37.55591272433083,36.79018764495849,36.024462565586155,0.5150697748647125,21.46393563998331
2022-12-29,36.89723205566406,13383100,36.46142501831055,36.77107677459717,56.31205479664968,0.20738173491173484,0.29982866473449804,37.5054406296379,36.77107677459717,36.036712919556436,0.5297070382783341,21.487223822288303
2022-12-30,36.44840621948242,15760600,36.46664199829102,36.73412437438965,51.0904056113413,0.1822493472547606,0.27631280123855056,37.455219079320344,36.73412437438965,36.01302966945896,0.5339480928770588,20.666384616103418
2023-01-03,36.84113311767578,12098600,36.51573257446289,36.70530834197998,55.020628500775516,0.1918104559576932,0.2594123321823791,37.357656777527886,36.70530834197998,36.05295990643207,0.5492407212034051,20.552292188879253
2023-01-04,37.79488754272461,13970300,36.653185272216795,36.74304027557373,62.83193491478075,0.2731984530256213,0.2621695563510275,37.53982332099645,36.74304027557373,35.94625723015102,0.5808062016619493,21.29340991703352
2023-01-05,37.68267822265625,9447800,36.791573715209964,36.77378158569336,61.47919132072853,0.32489943427822254,0.27471553193646653,37.660667412226,36.77378158569336,35.886895759160716,0.5640323899033352,21.981590664605342
2023-01-06,38.3278694152832,12189500,36.960818481445315,36.84782314300537,66.01050334056976,0.413171586702461,0.3024067428896654,37.96433662189946,36.84782314300537,35.73130966411128,0.5738365463565321,23.291736782168105
2023-01-09,38.533573150634766,14642900,37.18336029052735,36.910989379882814,67.33002290376801,0.494031587157437,0.3407317117432197,38.23888412364456,36.910989379882814,35.58309463612107,0.5662425981751389,24.936288707351203
2023-01-10,38.804744720458984,8682200,37.440500259399414,37.0033540725708,69.03652734553928,0.5733853698684612,0.387262443368268,38.567326460028546,37.0033540725708,35.439381685113055,0.5498407323081509,26.346981991529447
2023-01-11,38.96369934082031,11254400,37.656497192382815,37.10872669219971,70.02492687175243,0.6417029713960218,0.4381505489738188,38.888012696698105,37.10872669219971,35.329440687701315,0.533942642897071,27.820456467531802
2023-01-12,39.14136505126953,12603900,37.943558883666995,37.21332263946533,71.13406009272597,0.7020880666298481,0.49093805250502465,39.200209233923665,37.21332263946533,35.226436045007,0.5352097440921358,29.417810425908005
2023-01-13,39.40318298339844,8663200,38.19415397644043,37.32778949737549,72.73511974031659,0.7622830837876577,0.5452070587615513,39.53061183039948,37.32778949737549,35.1249671643515,0.521692551760177,31.078949744942275
2023-01-17,39.19746780395508,14381200,38.4690601348877,37.467851066589354,69.47450918698249,0.7843471076019952,0.59303506852964,39.769923703343565,37.467851066589354,35.16577842983514,0.510476845989839,32.5107370257518
2023-01-18,38.96369934082031,10775600,38.68131675720215,37.59852466583252,65.8613297273172,0.7740471108805238,0.6292374769998168,39.92853151709402,37.59852466583252,35.26851781457102,0.518095576854608,34.160832023715855
2023-01-19,39.27227020263672,11808300,38.82905502319336,37.741120147705075,68.21144168686813,0.7817716025868862,0.6597443021172307,40.11393887991142,37.741120147705075,35.36830141549873,0.5111442034624343,35.693063093253905
2023-01-20,39.73044967651367,12689100,39.0338321685791,37.91270294189453,71.36371605554895,0.8154644062263614,0.6908883229390568,40.33920895813372,37.91270294189453,35.48619692565534,0.5080287921635496,37.42844361108855
2023-01-23,40.02031326293945,13000000,39.20307655334473,38.08194751739502,73.17597338745017,0.8556918814282781,0.7238490346369011,40.59898374030392,38.08194751739502,35.56491129448612,0.5051357456945421,39.384036577234625
2023-01-24,40.057716369628906,13591800,39.35549087524414,38.269425582885745,73.40981578205802,0.8804413832576756,0.755167504361056,40.788620657160955,38.269425582885745,35.750230508610535,0.48708783715227516,41.19994433151312
2023-01-25,40.06706619262695,8435800,39.48172302246094,38.46111164093018,73.4720720388036,0.890544353383028,0.7822428741654504,40.91397673976154,38.46111164093018,36.00824654209882,0.48368677701793167,42.251285734168746
2023-01-26,40.375640869140625,10829900,39.62291717529297,38.63970718383789,75.5100138273055,0.9129267759281134,0.808379654517983,41.1039846400019,38.63970718383789,36.17542972767389,0.4738504144303919,43.51803851743115
2023-01-27,40.104469299316406,11910800,39.71922760009765,38.831393241882324,70.39223233301274,0.8984272179255655,0.8263891671994995,41.11883754082954,38.831393241882324,36.54394894293511,0.46738803209526436,44.287569387620074
2023-01-30,39.38447570800781,11908200,39.7173568725586,38.955755424499515,58.96500894430273,0.8193932923442446,0.8249899922284485,41.07318824632341,38.955755424499515,36.83832260267562,0.48543128632478794,43.22971971107173
2023-01-31,39.487335205078125,14673600,39.7463436126709,39.1077018737793,59.96491047318307,0.7563396262864899,0.8112599190400568,40.89385031850206,39.1077018737793,37.321553429056536,0.4741338741892057,41.691566268940186
2023-02-01,39.889404296875,23841300,39.83891410827637,39.260115432739255,63.689481928036415,0.7303932385351644,0.7950865829390783,40.74070708650268,39.260115432739255,37.77952377897583,0.4863521371599067,40.99718818449253
2023-02-02,39.608890533447266,11068700,39.87257614135742,39.35081558227539,59.528475055583684,0.679364136080082,0.771942093567279,40.67527616565614,39.35081558227539,38.02635499889463,0.4830036261103374,40.35240853464828
2023-02-03,38.98240280151367,13327200,39.79777145385742,39.41580181121826,51.4446965364947,0.5816657992891834,0.7338868347116599,40.51485237530296,39.41580181121826,38.31675124713356,0.4985955244269328,38.451163599190444
2023-02-06,38.5803337097168,12668700,39.65377349853516,39.428425025939944,47.03058938389107,0.4664189605855711,0.6803932598864422,40.48206479849718,39.428425025939944,38.37478525338271,0.5124053872064429,35.88290997228472
2023-02-07,38.65513610839844,11589100,39.51351547241211,39.434503173828126,47.92579830532951,0.3767776804637748,0.6196701440019087,40.46864637911418,39.434503173828126,38.40035996854207,0.5105356133623234,33.40454386403818
2023-02-08,38.5803337097168,11288000,39.36484222412109,39.423282623291016,47.06911563264906,0.2962850026334749,0.554993115728222,40.48890475087075,39.423282623291016,38.35766049571128,0.4994488970805574,31.10320390638068
2023-02-09,38.72993850708008,8787500,39.20027198791504,39.41159458160401,49.031426395815195,0.2417787573693957,0.4923502440564567,40.501964212282225,39.41159458160401,38.32122495092579,0.5005081820693861,29.57109657181878
2023-02-10,38.40267562866211,6052700,39.03009262084961,39.374660110473634,45.09315895356135,0.17021268023890457,0.4279227312929463,40.546166833366506,39.374660110473634,38.20315338758076,0.49548041270125404,27.520485547671292
2023-02-13,38.74863815307617,5597800,38.966508865356445,39.34193286895752,49.69332284498916,0.13980079634075793,0.37029834430250863,40.54458065605331,39.34193286895752,38.13928508186173,0.49014385177880326,26.086412997138208
2023-02-14,38.636436462402344,8875500,38.881418991088864,39.31388130187988,48.28054448925103,0.10543008808942034,0.31732469305989097,40.554278473384066,39.31388130187988,38.0734841303757,0.48852836709200137,24.453570061950757
2023-02-15,38.44942092895508,8818400,38.737420654296876,39.28816738128662,45.9363407491732,0.062381369975462064,0.2663360284430052,40.57691607142291,39.28816738128662,37.99941869115033,0.48836437939668503,22.846437448460673
2023-02-16,38.3746223449707,7802700,38.61399383544922,39.24328498840332,44.99533757377686,0.02197600441191838,0.21746402363678782,40.592239336104754,39.24328498840332,37.89433064070188,0.48620796130647154,21.32213528628575
2023-02-17,38.0660514831543,7075600,38.52235870361328,39.16006507873535,41.24197620187824,-0.03454639923047864,0.16706193906333452,40.581924944274064,39.16006507873535,37.738205213196636,0.48554174155993074,20.149813135546026
2023-02-21,37.64527130126953,12837300,38.42885246276855,39.04131298065185,36.74116463253563,-0.1120031527846379,0.11124892069374004,40.550018347513735,39.04131298065185,37.53260761378997,0.4809159158688475,19.544359192706906
2023-02-22,37.48632049560547,14404200,38.31197090148926,38.912743186950685,35.17934370820993,-0.18409209060472165,0.0521807184340477,40.48978353915247,38.912743186950685,37.3357028347489,0.46726964091936285,19.41554495809604
2023-02-23,37.617218017578125,13227300,38.21565933227539,38.79025077819824,37.53425011428299,-0.22803214451602827,-0.0038618541559674938,40.370194917803595,38.79025077819824,37.21030663859289,0.472631052845702,18.654885343767337
2023-02-24,36.89723205566406,20141500,38.03238868713379,38.61633033752442,30.887362452916438,-0.3172942333511841,-0.06654832999501081,40.22544246357944,38.61633033752442,37.00721821146939,0.5003175440439013,19.039099481143733
2023-02-27,37.08424377441406,14329600,37.90054550170898,38.465319061279295,34.14933453406177,-0.36869471589039904,-0.12697760717408846,40.05420878226629,38.465319061279295,36.876429340292304,0.4839496285118586,19.15521534501469
2023-02-28,36.859825134277344,10625000,37.7116641998291,38.33908653259277,32.186126705797506,-0.4226664416982331,-0.18611537407891737,40.01461161505096,38.33908653259277,36.66356145013459,0.4694186173793119,19.535602035738098
2023-03-01,37.5985221862793,12820000,37.607872772216794,38.24464588165283,43.666211893971884,-0.40120787011505854,-0.2291338732861456,39.86257674024388,38.24464588165283,36.62671502306178,0.498671329361622,18.51559197163512
2023-03-02,37.76683807373047,13843800,37.53961448669433,38.13851757049561,45.9130038066028,-0.3663965210710032,-0.2565864028431171,39.57978832952585,38.13851757049561,36.69724681146537,0.49511091884298136,17.315917797250606
2023-03-03,38.04735565185547,8122600,37.50688781738281,38.06044082641601,49.526106891581065,-0.31256974255561687,-0.2677830707856171,39.33407352779405,38.06044082641601,36.78680812503798,0.4844580738838314,16.41353916426628
2023-03-06,37.91644287109375,8619700,37.491926956176755,38.00714282989502,47.91736250108466,-0.27727890152819157,-0.26968223693413196,39.20919185460627,38.00714282989502,36.805093805183766,0.4712268251954729,15.697639408703322
2023-03-07,37.35541534423828,9885900,37.462941360473636,37.94589691162109,41.67041962453912,-0.29122384130967305,-0.2739905578092402,39.14970661168085,37.94589691162109,36.74208721156133,0.47830919955163287,15.152056598878511
2023-03-08,37.55177307128906,6696800,37.46948661804199,37.89072875976562,44.40240964039569,-0.28316670944997213,-0.27582578813738656,39.060107383948456,37.89072875976562,36.72135013558279,0.4635130973191937,14.645443989755472
2023-03-09,36.7850341796875,8372600,37.38626823425293,37.80096378326416,37.09603512702732,-0.33479152673096024,-0.2876189358561013,39.01941216795428,37.80096378326416,36.58251539857404,0.4891795496865508,15.27747347360262
2023-03-10,36.579315185546875,14675700,37.35447654724121,37.6934326171875,35.412346869777274,-0.38783366485428417,-0.3076618816557379,38.94413278557552,37.6934326171875,36.442732448799475,0.4816218701478811,16.122261557057843
2023-03-13,36.54191970825195,14464000,37.300244140625,37.600394821166994,35.10047475065532,-0.4279542537111283,-0.33172035606681594,38.9020161375548,37.600394821166994,36.298773504779184,0.4792795332227981,17.19422645134198
2023-03-14,36.56061935424805,10215200,37.27032356262207,37.490993881225585,35.4068174342491,-0.45301908229487964,-0.3559801013124287,38.755461296030276,37.490993881225585,36.22652646642089,0.463078500336408,18.18962242460582
2023-03-15,35.95283508300781,23584100,37.10575485229492,37.35681381225586,30.3863387950219,-0.5159783732523735,-0.38797975570041765,38.67500933486235,37.35681381225586,36.038618289649364,0.4961230964034517,20.019229426390346
2023-03-16,36.4109992980957,14642100,36.970170974731445,37.25489273071289,37.57240521192221,-0.5228766453259865,-0.41495913362553144,38.53404978327354,37.25489273071289,35.97573567815224,0.5040987983373997,20.638598648162223
2023-03-17,36.223995208740234,8361300,36.78783493041992,37.14736137390137,35.94157597324143,-0.5372402713684252,-0.4394153611741102,38.39306673741072,37.14736137390137,35.90165601039202,0.4921360289073569,21.170569548063956
2023-03-20,36.28762435913086,7514800,36.62495307922363,37.05844001770019,36.94446393428715,-0.5372955986198704,-0.4589914086632622,38.282852148425796,37.05844001770019,35.83402788697459,0.4830501904713106,21.75651931634129
2023-03-21,36.67127227783203,7121900,36.55653877258301,37.00974006652832,42.76300858212239,-0.5006115270416203,-0.4673154323389338,38.2142332817743,37.00974006652832,35.80524685128235,0.48196544798156876,21.468326380544966
2023-03-22,36.7835578918457,8075800,36.47971725463867,36.974601936340335,44.38068892874716,-0.4572082136952744,-0.46529398861020194,38.16231867317371,36.974601936340335,35.78688519950696,0.491652004751241,20.10761287840324
2023-03-23,37.23271179199219,9410700,36.52448501586914,36.955376625061035,50.41740691731342,-0.38216247799975633,-0.44866768648811284,38.112928200812014,36.955376625061035,35.797825049310056,0.516688214199909,19.092919601730745
2023-03-24,37.15785217285156,8957900,36.58233871459961,36.96840763092041,49.453991147448626,-0.32498254098457124,-0.42393065738740454,38.12891163064178,36.96840763092041,35.80790363119904,0.5018384997479542,17.90181564738122
2023-03-27,36.98006820678711,7548100,36.626153564453126,36.963198852539065,47.149677293757826,-0.2906621370150333,-0.3972769533129303,38.12251097585076,36.963198852539065,35.80388672922737,0.4920593763349799,16.700777482526444
2023-03-28,37.419864654541016,5786400,36.71207809448242,36.991200828552245,52.985665281224506,-0.2253770652862812,-0.3628969757076005,38.16612195885614,36.991200828552245,35.81627969824835,0.48899457675809366,16.210102502901794
2023-03-29,37.550865173339844,9960600,36.871881103515626,36.98881797790527,54.5940341046314,-0.16120920912410952,-0.3225594223909023,38.1589863162146,36.98881797790527,35.81864963959594,0.4721126539911298,16.04972716005283
2023-03-30,37.915794372558594,6306800,37.02236061096191,36.99626579284668,58.820317600902094,-0.07998694456793487,-0.2740449268263088,38.187847117616165,36.99626579284668,35.80468446807719,0.471140379192326,16.51841642023435
2023-03-31,37.80351638793945,8309800,37.18031272888184,36.98407382965088,57.060561710520616,-0.02439638342296746,-0.22411521814564056,38.1367421271174,36.98407382965088,35.83140553218436,0.4555337579492927,16.888014259732135
2023-04-03,37.96258544921875,9475800,37.347808837890625,36.98638095855713,58.93500633821783,0.03212476633309791,-0.17286722124989287,38.14666433112124,36.98638095855713,35.82609758599302,0.43703152844916254,17.26113681181301
2023-04-04,38.00001525878906,6596700,37.480683135986325,37.01861095428467,59.38429640855223,0.07902747797285059,-0.12248828140534418,38.251638138700145,37.01861095428467,35.78558376986919,0.4205194083656193,17.655297056494284
2023-04-05,37.663143157958984,6787900,37.568641662597656,37.024179458618164,53.69070523484274,0.08800103058196385,-0.08039041900788257,38.26774851108708,37.024179458618164,35.78061040614925,0.42457038407952197,17.257619040944217
2023-04-06,37.88772964477539,7399600,37.63414344787598,37.07931423187256,56.67316690178047,0.11194446213762888,-0.04192344277878028,38.37237660750904,37.07931423187256,35.78625185623608,0.42231597575204666,16.96344018440338
2023-04-10,37.80351638793945,5814800,37.698709869384764,37.140524291992186,55.236634461498525,0.12270997392637639,-0.008996759437748941,38.4489269688284,37.140524291992186,35.83212161515597,0.41086514529227175,16.69027410332975
2023-04-11,38.084232330322266,7100300,37.80912628173828,37.2176399230957,58.97008081538186,0.15213938199737242,0.023230468849275335,38.55725993089536,37.2176399230957,35.87801991529604,0.4109260379267279,17.22509214853065
2023-04-12,37.79415512084961,7865500,37.84655532836914,37.27931671142578,53.96162952693283,0.1503227661178812,0.04864892830299651,38.60577983171755,37.27931671142578,35.95285359113401,0.41365633672681174,16.90792093875587
2023-04-13,38.252662658691406,5708200,37.916735076904295,37.39430809020996,59.77684039925721,0.18376251149748413,0.07567164494189405,38.63695933059078,37.39430809020996,36.151656849829145,0.4208701042185063,16.842888335738486
2023-04-14,38.04679870605469,6061600,37.92983551025391,37.47609806060791,56.33610816146955,0.1914453868808792,0.09882639332969108,38.66319252728377,37.47609806060791,36.28900359393205,0.41620657369889674,16.14997564768664
2023-04-17,38.252662658691406,14731500,37.9747501373291,37.57753143310547,58.884731936243604,0.21170521553256094,0.12140215777026506,38.66155014200979,37.57753143310547,36.49351272420115,0.40452394431232047,15.676585677766072
2023-04-18,38.17780303955078,8100500,37.9962718963623,37.67204036712646,57.56883250511218,0.21919399809991802,0.14096052583619564,38.60941006752182,37.67204036712646,36.734670666731105,0.3930073714911435,15.13049931244761
2023-04-19,37.784793853759766,6359200,37.97474975585938,37.72771644592285,51.11116673973113,0.19121218046878852,0.15101085676271422,38.54533369638827,37.72771644592285,36.910099195457434,0.40035970917140995,14.505568117952565
2023-04-20,37.738014221191406,6724200,37.98223686218262,37.77543926239014,50.386659883695806,0.16337833920853484,0.15348435325187834,38.46906901463556,37.77543926239014,37.081809510144716,0.3944874817266487,13.625635222023687
2023-04-21,37.38243103027344,6920600,37.93170700073242,37.7829252243042,45.14784740752432,0.11134372653302194,0.14505622790810707,38.45588773988288,37.7829252243042,37.10996270872552,0.40440796556001585,13.80487887692236
2023-04-24,37.33564758300781,8266900,37.88492012023926,37.791814994812015,44.49239859240554,0.0655749803354837,0.1291599783935824,38.43557786190249,37.791814994812015,37.14805212772154,0.38755252316120753,13.971319413613983
2023-04-25,36.699344635009766,10370800,37.74643135070801,37.77777881622315,36.690330196006556,-0.02179022670044617,0.09896993737477669,38.49927330659903,37.77777881622315,37.056284325847265,0.40799398706640116,15.170139751818935
2023-04-26,36.951995849609375,10182000,37.66221542358399,37.75438537597656,41.106383400660235,-0.06983591621409602,0.06520876665700215,38.54756144698539,37.75438537597656,36.96120930496773,0.4142758132161231,15.555771686813916
2023-04-27,37.42921829223633,8388200,37.579870986938474,37.74830303192139,48.42438966615747,-0.06861367278914088,0.03844427876777354,38.549454036337764,37.74830303192139,36.94715202750501,0.4214455778154007,15.202001383799935
2023-04-28,37.65379333496094,9111300,37.540570449829104,37.73520298004151,51.47981923692245,-0.04895933424410259,0.02096355616539831,38.533533884595236,37.73520298004151,36.93687207548778,0.40938845174464017,14.352540970222053
2023-05-01,37.53215026855469,13057500,37.46851921081543,37.72163467407226,49.76024487202547,-0.04270641521992502,0.008229561888333643,38.52407381434922,37.72163467407226,36.9191955337953,0.40019773598974073,13.3427325261566
2023-05-02,37.139137268066406,11429900,37.36465263366699,37.68046226501465,44.57916680028888,-0.06867218622033278,-0.007150787733399642,38.51315494251885,37.68046226501465,36.84776958751044,0.40904180354444925,13.428830852719042
2023-05-03,37.129783630371094,9552800,37.29915161132813,37.63695068359375,44.46051606397941,-0.08897930911406604,-0.023516492009532923,38.48902499541268,37.63695068359375,36.78487637177483,0.3978705371566282,13.508779298812739
2023-05-04,37.447933197021484,8866000,37.27014350891113,37.626190185546875,49.39423039868563,-0.07849598630240706,-0.03451239086810775,38.48209660128031,37.626190185546875,36.77028376981344,0.3995283907678569,13.067263823771494
2023-05-05,37.85029983520508,6629800,37.3169303894043,37.62431869506836,54.85615855850911,-0.03729039203586382,-0.035067991101658966,38.478090463079944,37.62431869506836,36.77054692705678,0.4030729664107055,12.429448445222745
2023-05-08,37.859649658203125,26327200,37.36933059692383,37.627125358581544,54.97776012104365,-0.0038359902256459577,-0.028821590926456364,38.48359981367615,37.627125358581544,36.77065090348694,0.3903232443726479,12.103200326908894
2023-05-09,37.6257209777832,9169700,37.46196823120117,37.60419979095459,51.2575836808978,0.003757461076219215,-0.02230578052592125,38.43465581228329,37.60419979095459,36.77374376962589,0.3905145230179145,11.457094317538651
2023-05-10,37.63507843017578,11900700,37.530276489257815,37.5962459564209,51.399253804212044,0.010410389653713992,-0.0157625464899942,38.42230784394764,37.5962459564209,36.77018406889416,0.38267194355729106,10.700053939101343
2023-05-11,37.4853630065918,28532700,37.53589096069336,37.55788097381592,48.94793824887976,0.003561050450997527,-0.011897827101795854,38.32779862056287,37.55788097381592,36.78796332706897,0.38341018607716687,10.474117215409027
2023-05-12,37.06428146362305,26729700,37.47693977355957,37.508755111694335,42.76972107124448,-0.03543637315492276,-0.016605536312421235,38.27298005696235,37.508755111694335,36.744530166426316,0.3901113621872211,10.767311331375842
2023-05-15,37.709938049316406,20806300,37.49471855163574,37.481618881225586,52.640584889129805,-0.0140807081965022,-0.01610057068923743,38.17336268794548,37.481618881225586,36.789875074505694,0.4103699025799084,10.090314125802465
2023-05-16,37.447933197021484,18151700,37.52559814453125,37.44512538909912,48.95095424497091,-0.018089269928431406,-0.016498310537076226,38.058700863568276,37.44512538909912,36.83154991462996,0.4024459757628674,9.46167386348433
2023-05-17,37.57892990112305,9341700,37.570512771606445,37.43483219146729,50.80746350940617,-0.010573855916241826,-0.015313419612909347,38.031956014060725,37.43483219146729,36.83770836887385,0.3937511478532311,8.878624667713824
2023-05-18,37.34500503540039,9298600,37.56021995544434,37.415181732177736,47.48638383685005,-0.023225884301474764,-0.01689591255062243,37.99676767790831,37.415181732177736,36.83359578644716,0.39369730452666213,8.70497624051736
2023-05-19,37.32628631591797,8734000,37.507818603515624,37.41237449645996,47.220393528348964,-0.03436699089475326,-0.020390128219448595,37.995106550919,37.41237449645996,36.829642442000925,0.37894369706603254,8.543731272406358
2023-05-22,37.569576263427734,8717400,37.478811264038086,37.42407093048096,51.057596071067636,-0.023296386391329804,-0.020971379853824836,38.00955747710345,37.42407093048096,36.83858438385847,0.38128498312020653,8.339079511108677
2023-05-23,37.00814437866211,11626700,37.417053604125975,37.439510917663576,43.24428845034478,-0.05914393906777349,-0.028605891696614566,37.960466061693495,37.439510917663576,36.918555773633656,0.3954894075430203,8.66271043550333
2023-05-24,36.74612808227539,8592200,37.32815856933594,37.42921752929688,40.15584771272478,-0.10745720837996231,-0.04437615503328411,37.99454240021722,37.42921752929688,36.863892658376535,0.3886291901344821,9.508963401115404
2023-05-25,36.68062973022461,9488900,37.247685241699216,37.39178810119629,39.39836030546536,-0.14930984110006307,-0.06536289224663991,38.04452472489156,37.39178810119629,36.73905147750102,0.37824795407261746,10.451181986056968
2023-05-26,37.288848876953125,8469500,37.270141983032225,37.3735408782959,49.01611959213405,-0.13187992236852608,-0.07866629827101715,38.01628748747668,37.3735408782959,36.730794269115115,0.3980165655426228,10.085970650819219
2023-05-30,36.80228042602539,12867000,37.179376220703126,37.33704738616943,43.12035185822084,-0.1555356753181769,-0.0940401736804491,38.02117633371802,37.33704738616943,36.652918438620844,0.4110256421420795,10.260917458876907
2023-05-31,36.5402717590332,13526500,37.088610076904295,37.30710411071777,40.30872976821103,-0.19319787484997875,-0.11387171391435504,38.07102990222119,37.30710411071777,36.543178319214356,0.42176967572636853,11.245942676042
2023-06-01,37.16720962524414,14261200,37.047438049316405,37.30897541046143,48.89545733452144,-0.17049147347658788,-0.1251956658268016,38.0713363425238,37.30897541046143,36.54661447839906,0.4384296012953685,10.909049432490686
2023-06-02,37.75672149658203,9367600,37.08860969543457,37.324414825439455,55.393306586844545,-0.10373204706903749,-0.12090294207524879,38.1095735016538,37.324414825439455,36.53925614922511,0.4545683454355557,10.81509031409212
2023-06-05,37.719295501708984,7578800,37.12791061401367,37.31786460876465,54.915916012884246,-0.05323107101801838,-0.10736856786380271,38.0873954180758,37.31786460876465,36.5483337994535,0.43613507337961466,10.491290453343225
2023-06-06,38.009368896484375,7998700,37.17188987731934,37.32535057067871,57.94137225109356,0.01008160063956609,-0.08387853416312895,38.118371967619254,37.32535057067871,36.53232917373816,0.43706497853595516,10.658225837076625
2023-06-07,37.92515182495117,8395400,37.26359062194824,37.34032211303711,56.75063679448584,0.052852484686141565,-0.056532330393274835,38.16609095497411,37.34032211303711,36.51455327110011,0.43258105270153163,11.13876446255698
2023-06-08,38.13101577758789,8976100,37.40207939147949,37.365118980407715,58.97031271589687,0.10218232470862887,-0.024789399372894094,38.25230423655358,37.365118980407715,36.47793372426185,0.418392029211674,11.584978900503023
2023-06-09,38.23394775390625,10055100,37.557411193847656,37.402548217773436,60.07368920159325,0.14787768665809153,0.009744017833303031,38.366692838589685,37.402548217773436,36.43840359695719,0.4065532206563054,12.36543848261156
2023-06-12,38.3275146484375,7245900,37.661277770996094,37.46570987701416,61.09782141815015,0.1894577061348599,0.04568675549361441,38.4961684978402,37.46570987701416,36.435251256188124,0.38687096769065293,13.090150951712346
2023-06-13,38.64566421508789,8306100,37.84561614990234,37.51249618530274,64.43805019654376,0.24525503490347234,0.085600411375586,38.66124250308558,37.51249618530274,36.36374986751989,0.39399313582966533,14.459414926024863
2023-06-14,39.01060104370117,8886900,38.09264907836914,37.59062957763672,67.8482366711248,0.31528773140753685,0.13153787538197617,38.910943461563775,37.59062957763672,36.27031569370966,0.39592805044567875,16.073508071233665
2023-06-15,39.38489532470703,10193000,38.31441764831543,37.68092784881592,70.92755317077851,0.39642186383247235,0.18451467307207542,39.21535418419794,37.68092784881592,36.1465015134339,0.3950510479168431,17.97676938151315
2023-06-16,39.24453353881836,9704300,38.463198852539065,37.77590427398682,68.28633829137748,0.44427391214200185,0.2364665208860607,39.44467202799213,37.77590427398682,36.10713651998151,0.38621616488449806,19.799939879602537
2023-06-20,38.54550552368164,12278200,38.54581985473633,37.836865234375,56.918615720920876,0.4209389640300998,0.2733610095148685,39.52445132613633,37.836865234375,36.149279142613665,0.4146080243987421,19.625716254630703
2023-06-21,38.479644775390625,8392800,38.592847442626955,37.882368659973146,55.97317062831303,0.3926057231781286,0.29720995224752056,39.58765719831824,37.882368659973146,36.17708012162805,0.40044975242884345,19.169101773314477
2023-06-22,38.310298919677734,6856700,38.63136215209961,37.947476387023926,53.511869764474596,0.3524241046967447,0.3082527827373654,39.6132567378365,37.947476387023926,36.28169603621135,0.3960386427879506,18.329940070494526
2023-06-23,37.77402877807617,8339800,38.595663452148436,37.998871421813966,46.533636032299896,0.2741471660471433,0.301431659399321,39.57418968917901,37.998871421813966,36.423553154448925,0.4141195566963846,17.438567225628017
2023-06-26,37.89633560180664,8476200,38.56190223693848,38.05965671539307,48.19297752336073,0.21945156568140334,0.28503564065573744,39.51615893757452,38.05965671539307,36.60315449321162,0.4053721019088722,16.220546920890577
2023-06-27,38.253849029541016,7398200,38.554535675048825,38.10790672302246,52.80389775455425,0.20261760446560828,0.2685520334177116,39.52240297840489,38.10790672302246,36.69341046764003,0.4032976883095985,15.480653587849522
2023-06-28,38.10331726074219,7332800,38.50030097961426,38.172958564758304,50.75555310702564,0.17511133871469298,0.24986389447710788,39.454732684947466,38.172958564758304,36.89118444456914,0.39532332497621764,14.557079070522175
2023-06-29,37.943382263183594,9086400,38.3935791015625,38.24311408996582,48.59850426191114,0.13880692740984557,0.22765250106365542,39.29224016382415,38.24311408996582,37.1939880161075,0.38590209259603664,13.592991725225941
2023-06-30,38.27266311645508,7622800,38.282355880737306,38.29838676452637,53.024914370011366,0.13504887348713623,0.20913177554835158,39.224186845639,38.29838676452637,37.37258668341374,0.3912659032095446,13.400270551823159
2023-07-03,38.64899444580078,4891400,38.222801971435544,38.343000411987305,57.526659383195735,0.16058624356971762,0.1994226691526248,39.24580115233074,38.343000411987305,37.44019967164387,0.402967362464567,13.926618159136908
2023-07-05,38.46083068847656,8001600,38.21433448791504,38.38007717132568,54.7038503871077,0.16375389768182913,0.19228891485846566,39.237121898411,38.38007717132568,37.523032444240364,0.3923283405229933,13.960300834393397
2023-07-06,37.72698211669922,7924400,38.1390682220459,38.36595783233643,45.35616968500144,0.1058289098765286,0.17499691386207825,39.25564875976966,38.36595783233643,37.47626690490319,0.4261308270635977,13.462416429307266
2023-07-07,38.178585052490234,6731400,38.12589683532715,38.378629493713376,50.91484292538381,0.09526536262919194,0.159050603615501,39.24987422789904,38.378629493713376,37.50738475952771,0.4407184785712258,12.632622086445647
2023-07-10,38.18798828125,5512800,38.167292785644534,38.38147811889648,51.02655383941682,0.08665354912987766,0.14457119271837632,39.24983359453969,38.38147811889648,37.513122643253276,0.43007117930803523,11.862098768074144
2023-07-11,38.52668762207031,7374900,38.2303279876709,38.396115112304685,54.99926558890387,0.1059376478026337,0.13684448373522778,39.263898716678014,38.396115112304685,37.528331507931355,0.4255605858864565,11.744638013699486
2023-07-12,39.26052474975586,7753200,38.33099555969238,38.442765617370604,62.16124738763228,0.17837871936671235,0.1451513308615247,39.3876692659311,38.442765617370604,37.497861968810106,0.4516125278196811,12.70927673180319
2023-07-13,39.693302154541016,7400300,38.489994049072266,38.49514751434326,65.63485946969753,0.26762529240556887,0.16964612317033353,39.584368433399675,38.49514751434326,37.40592659528684,0.4522833845338095,14.071435859551176
2023-07-14,39.448692321777344,8033600,38.64052505493164,38.51705207824707,62.16142217189141,0.3149849251653407,0.19871388356933498,39.66299886697765,38.51705207824707,37.371105289516485,0.44013768553210736,15.315750309913485
2023-07-17,39.4957389831543,5386800,38.76283264160156,38.52259426116943,62.57168742234895,0.35225348877455076,0.22942180461037814,39.686212072531205,38.52259426116943,37.358976449807656,0.43558003221523717,15.85241428765225
2023-07-18,39.21348571777344,6711500,38.81928176879883,38.52104187011719,58.4753333894089,0.35492229107303785,0.2545219019029101,39.68087966398481,38.52104187011719,37.361204076249564,0.432692242123211,16.28892234489687
2023-07-19,39.15703582763672,7513000,38.888902282714845,38.55161838531494,57.66227783557295,0.34846540943190973,0.27331060340871,39.74420464370012,38.55161838531494,37.359032126929755,0.4239620529353304,16.80478659949398
2023-07-20,38.91242599487305,16580400,39.007446670532225,38.57325744628906,54.148840829401564,0.31992244816005666,0.28263297235897933,39.77550092161649,38.57325744628906,37.371013970961634,0.41518336948863027,16.64990079237275
2023-07-21,38.89360809326172,8739400,39.078948974609375,38.602422904968265,53.87686852034531,0.29241274620132174,0.2845889271274478,39.806035113325116,38.602422904968265,37.39881069661141,0.4003115959805852,16.484288851684074
2023-07-24,39.41105651855469,5984000,39.201255798339844,38.68427429199219,59.84879757433546,0.30880515897837313,0.2894321734976329,39.873986042033344,38.68427429199219,37.49456254195103,0.4153988273244547,17.07048816467608
2023-07-25,39.71211624145508,6986000,39.31979866027832,38.77506332397461,62.8617197542339,0.3421452305424353,0.29997478490659335,39.987319812342825,38.77506332397461,37.56280683560639,0.420672120925771,18.16507512124759
2023-07-26,39.95674133300781,6717700,39.38942031860351,38.86020793914795,65.15007889623028,0.38388153060347463,0.3167561340459696,40.15075320642105,38.86020793914795,37.569662671874845,0.42758495291004134,19.399199685973695
2023-07-27,39.51455307006836,7094600,39.37154541015625,38.930769729614255,58.172410175396486,0.37693191531021597,0.3287912902988189,40.202244476530694,38.930769729614255,37.659294982697816,0.43669213712528093,20.315877525095942
2023-07-28,40.47418975830078,7433300,39.47409515380859,39.05731010437012,66.54624805814426,0.443743754066972,0.3517817830524495,40.411577596961365,39.05731010437012,37.70304261177887,0.4753893824311105,21.768218397393667
2023-07-31,40.52123260498047,6857800,39.57664451599121,39.169738578796384,66.89612233253823,0.49478500862215924,0.38038242816639145,40.6150618756655,39.169738578796384,37.724415281927264,0.46092127297384916,23.183784559352066
2023-08-01,39.95674133300781,5868100,39.65097007751465,39.23512592315674,58.93153542355739,0.48410537714909196,0.40112701796293154,40.6985114464828,39.23512592315674,37.771740399830676,0.4716794162094112,23.491342978773854
2023-08-02,39.09117889404297,8465400,39.64438438415527,39.266643333435056,49.249065448187075,0.4011735581898179,0.40113632600830884,40.68852987202591,39.266643333435056,37.8447567948442,0.5058620734646867,21.875385654960503
2023-08-03,39.26052474975586,6815700,39.67919425964355,39.34332046508789,50.94716583821371,0.3451357790257177,0.3899362166117906,40.57788109685119,39.34332046508789,38.10875983332459,0.4912333852920034,20.374853854276683
2023-08-04,39.30756759643555,7930900,39.72059020996094,39.39976959228515,51.43330606939257,0.301051070537973,0.3721591873970271,40.51346967530031,39.39976959228515,38.28606950927,0.4843698416639011,19.433041589289665
2023-08-07,39.2417106628418,8382300,39.70365562438965,39.45245571136475,50.67613581503527,0.2578274430254197,0.3492928385227056,40.42226925128429,39.45245571136475,38.48264217144521,0.4706043326591029,18.2952454941705
2023-08-08,38.837158203125,8101300,39.61615982055664,39.46797924041748,46.1788523449004,0.18875258202791656,0.31718478722374777,40.38661043741328,39.46797924041748,38.54934804342167,0.48671867939680175,17.76526297170944
2023-08-09,38.90301513671875,6947800,39.51078720092774,39.450103759765625,47.00338198053575,0.13773661917377922,0.28129515361375407,40.39764508309313,39.450103759765625,38.50256243643812,0.4754735231452122,16.832872041191866
2023-08-10,38.97827911376953,7871700,39.45715980529785,39.414352607727054,47.984134618960525,0.10220116360637377,0.245476355612278,40.3763383599051,39.414352607727054,38.45236685554901,0.48116008980055625,15.987939283797852
2023-08-11,38.41379165649414,8667700,39.251119995117186,39.36260757446289,41.74445937351637,0.028164970617275742,0.20201407861327755,40.41839874404064,39.36260757446289,38.30681640488515,0.4938323604166382,15.473061603878563
2023-08-14,38.23503112792969,9253000,39.02249984741211,39.29957218170166,39.97182051450653,-0.04442166116128732,0.15272693065836457,40.46127011359055,39.29957218170166,38.137874249812775,0.4941757894212521,15.576749640878798
2023-08-15,37.830474853515625,9959000,38.80987319946289,39.23042163848877,36.22297506968165,-0.13305759500190106,0.09557002552631144,40.5572909276547,39.23042163848877,37.903552349322844,0.4918063281729713,15.865616290207416
2023-08-16,37.576454162597656,9421100,38.65840072631836,39.15139255523682,34.06275398650063,-0.2212491356624824,0.032206193288552676,40.66190383071509,39.15139255523682,37.640881279758545,0.4781820576128955,16.42589108738621
2023-08-17,37.69876480102539,10690300,38.50222473144531,39.09070949554443,36.040625673209995,-0.27806674040046886,-0.029848393449251637,40.72702213482852,39.09070949554443,37.45439685626034,0.4789712615205674,16.506197508094196
2023-08-18,37.463558197021484,12520800,38.317823791503905,39.01920700073242,33.932698192992895,-0.33817602602284325,-0.09151391996396996,40.80213243482172,39.01920700073242,37.23628156664312,0.4743277155661017,17.091956473275605
2023-08-21,37.54823684692383,7957800,38.14847640991211,38.92606601715088,35.39764148806901,-0.37466134580858323,-0.14814340513289262,40.80919202514625,38.92606601715088,37.04294000915551,0.45657541134192686,17.55128193510931
2023-08-22,37.48237228393555,9951400,38.01299781799317,38.8145788192749,34.75216754643411,-0.4042312185194561,-0.19936096781020532,40.7612994743426,38.8145788192749,36.8678581642072,0.44479547454090035,17.6103001633901
2023-08-23,38.03746032714844,8213500,37.926442337036136,38.718614768981936,44.017324473705806,-0.3785113464723082,-0.2351910435426259,40.61934107796944,38.718614768981936,36.817888459994435,0.4567057045509929,16.857838558702003
2023-08-24,37.87751388549805,9860900,37.816365814208986,38.63676280975342,42.15960301814146,-0.36680619025394634,-0.26151407288489,40.534326540480656,38.63676280975342,36.739199079026186,0.44827648913095025,15.967474484768031
2023-08-25,37.84929656982422,10158300,37.75991630554199,38.50551815032959,41.82424333860374,-0.3557063102476832,-0.2803525203574486,40.2319713142522,38.50551815032959,36.779064986406986,0.44179342768047325,15.652180012295732
2023-08-28,38.225624084472656,9341400,37.75897560119629,38.3907377243042,47.7892289323887,-0.3129357613791086,-0.28686916856178063,39.850528643410854,38.3907377243042,36.93094680519755,0.4398051608370332,14.656238124510779
2023-08-29,38.73366928100586,10768900,37.84929504394531,38.3295841217041,54.56255959576961,-0.235332030646056,-0.27656174097863573,39.613748217559895,38.3295841217041,37.04542002584831,0.4453516088811994,14.349365363685154
2023-08-30,38.59254837036133,7344200,37.95090446472168,38.30465259552002,52.52422476437243,-0.18310704894769003,-0.2578708025724466,39.5473978714545,38.30465259552002,37.061907319585536,0.42765303437662394,14.064412085775645
2023-08-31,38.13154220581055,8443700,37.9941822052002,38.24820346832276,46.423037070443215,-0.17687877101202076,-0.24167239626036144,39.41221589581971,38.24820346832276,37.0841910408258,0.4313794639848144,13.17336831131964
2023-09-01,38.54550552368164,11385100,38.10237693786621,38.21010036468506,51.83355833029552,-0.1369606387705744,-0.22073004476240404,39.27890566808572,38.21010036468506,37.1412950612844,0.4429036687876615,12.738025520504094
2023-09-05,38.319705963134766,8283200,38.1795238494873,38.16400012969971,48.93093647680221,-0.12213744439402063,-0.20101152468872735,39.1249385074874,38.16400012969971,37.20306175191202,0.43142842182875096,11.909644644179517
2023-09-06,38.140953063964844,8385200,38.245381927490236,38.1291898727417,46.70135374573515,-0.12339144139011893,-0.18548750802900565,39.03915329235378,38.1291898727417,37.219226453129615,0.42749285705777235,11.282868711663008
2023-09-07,37.74580001831055,7904200,38.21621589660644,38.07132911682129,42.131105013055475,-0.1544899276769769,-0.1792879919585999,38.92237459444943,38.07132911682129,37.22028363919315,0.4319029291153368,11.488946104868836
2023-09-08,37.82107162475586,7729100,38.210571670532225,38.013468742370605,43.26997430250619,-0.17108969701518362,-0.17764833296991664,38.76106570353291,38.013468742370605,37.265871781208304,0.4124768719925552,11.536982771119513
2023-09-11,38.253849029541016,7020300,38.2510269165039,38.00547161102295,49.431987876933746,-0.14762192050795164,-0.17164305047752365,38.73905885823916,38.00547161102295,37.271884363806734,0.4152709731766457,10.799718276710731
2023-09-12,38.150360107421875,7308600,38.243500518798825,38.00123805999756,48.0869007197323,-0.135808711384918,-0.16447618265900252,38.730441446150586,38.00123805999756,37.27203467384454,0.4064413559229038,10.330793086709475
2023-09-13,38.11272430419922,8036800,38.181406021118164,38.01535053253174,47.579843040496236,-0.12800795678622734,-0.1571825374844475,38.7417077124676,38.01535053253174,37.28899335259588,0.3908502054590554,9.89536255313688
2023-09-14,38.338523864746094,6672500,38.15600357055664,38.05345401763916,50.9234209406934,-0.10242497377455351,-0.14623102474246868,38.763488838164534,38.05345401763916,37.34341919711379,0.3857809330775627,9.359756715452304
2023-09-15,38.140953063964844,8296300,38.15694465637207,38.07556343078613,48.03628713281053,-0.09697472362802273,-0.1363797645195795,38.767346973742434,38.07556343078613,37.38377988782983,0.37502547857741614,8.731571822039172
2023-09-18,38.0821418762207,7427900,38.11060829162598,38.106492614746095,47.17881843491245,-0.09629095032895663,-0.12836200168145492,38.73881894393138,38.106492614746095,37.47416628556081,0.36395633720989673,8.552846255160727
2023-09-19,37.8924446105957,7604100,38.06788215637207,38.12370300292969,44.42424292531664,-0.10979044314645137,-0.12464768997445422,38.71148289871579,38.12370300292969,37.53592310714358,0.3555743396428541,8.573791026774705
2023-09-20,37.778621673583984,9652000,38.03164901733398,38.13851547241211,42.80914959833687,-0.12819568812808768,-0.12535728960518092,38.67345731544661,38.13851547241211,37.60357362937761,0.35524351054191533,8.317805569079779
2023-09-21,37.17158508300781,12836100,37.97422752380371,38.09522171020508,35.41434691089373,-0.18957940366532,-0.13820171241720874,38.77611364227513,38.09522171020508,37.414329778135034,0.3732287305443622,9.297137458179554
2023-09-22,37.60789489746094,13280100,37.95290985107422,38.08174076080322,43.03145181956745,-0.20070626791999047,-0.1507026235177651,38.78948720146394,38.08174076080322,37.3739943201425,0.39196191045872614,9.088466340537561
2023-09-25,37.46561813354492,9023800,37.87408676147461,38.06255683898926,41.32010142169308,-0.21848635905390523,-0.16425937062499313,38.8139211253531,38.06255683898926,37.31119255262542,0.3849672086434103,9.376870836013007
2023-09-26,37.02931594848633,12282900,37.76198234558105,38.00274143218994,36.523209158003404,-0.2647314895588977,-0.18435379441177405,38.87362369834972,38.00274143218994,37.13185916603017,0.3913440455575708,10.19736101236658
2023-09-27,37.07673645019531,12274500,37.65838356018067,37.919894790649415,37.37418149131796,-0.29416371429617527,-0.20631577838865428,38.811874386130405,37.919894790649415,37.027915195168426,0.38778085613931645,11.084013208741947
2023-09-28,37.15261459350586,8924400,37.53979263305664,37.84789810180664,38.78825018407697,-0.3078178992901144,-0.2266162025689463,38.74352342439575,37.84789810180664,36.95227277921754,0.38311715411945624,11.988248673504469
2023-09-29,37.190555572509766,11064200,37.444752883911136,37.8008487701416,39.523575837201804,-0.31198109548402897,-0.24368918115196284,38.730159915367736,37.8008487701416,36.87153762491546,0.3855617227396308,11.838032732729014
2023-10-02,37.05776596069336,15001400,37.3423152923584,37.726461791992186,37.811552486608754,-0.32228042227106357,-0.259407429375783,38.64353168615952,37.726461791992186,36.80939189782485,0.3769914510771822,12.064619430250286
2023-10-03,36.583518981933594,14829500,37.211422729492185,37.63965244293213,32.41171573760356,-0.36450865185118886,-0.28042767387086415,38.64052689187374,37.63965244293213,36.63877799399052,0.3880033535528645,13.024606609086163
2023-10-04,36.431758880615234,12806100,37.07673645019531,37.55419273376465,30.89140787680903,-0.4055457212644171,-0.3054512833495747,38.65604441345132,37.55419273376465,36.45234105407798,0.37790370873149076,14.20684453479998
2023-10-05,36.583518981933594,12896000,37.01792984008789,37.496078681945804,34.214514581714226,-0.42096944880477594,-0.32855491644061496,38.67152199753082,37.496078681945804,36.32063536636079,0.36920305482599136,15.196946830023167
2023-10-06,37.086219787597656,8077500,36.965762329101565,37.45933609008789,43.84668764893004,-0.3881547044166993,-0.3404748740358318,38.6377840931873,37.45933609008789,36.280888086988476,0.38686885853089453,14.669052677419064
2023-10-09,36.858585357666016,8680800,36.905059051513675,37.38957290649414,40.92460973035688,-0.37618060331612213,-0.3476160198918899,38.53639556723033,37.38957290649414,36.24275024575795,0.39920754528150304,14.216049909991254
2023-10-10,37.44664764404297,10417300,36.94679222106934,37.354387283325195,50.16444740046008,-0.31560127501276725,-0.34121307091606534,38.4476128661675,37.354387283325195,36.26116170048289,0.41540722212512693,13.866368357466943
2023-10-11,37.56047058105469,8324500,36.99516563415527,37.32677459716797,51.73790503780832,-0.2554623501700277,-0.32406292676685783,38.3686821702802,37.32677459716797,36.284867024055735,0.4060601567499155,13.957092550551762
2023-10-12,37.16210174560547,10723000,36.996114349365236,37.26795349121094,46.23573741652302,-0.23721241757784384,-0.30669282492905503,38.20199193496084,37.26795349121094,36.33391504746104,0.4177056158532476,13.204539702982009
2023-10-13,37.01982498168945,8884300,36.979041290283206,37.21189708709717,44.41885973891872,-0.23156047528863155,-0.2916663550009703,38.06027579573894,37.21189708709717,36.3635183784554,0.41429186711153426,12.294765782031686
2023-10-16,37.285404205322266,9309500,37.00180511474609,37.17206020355225,48.4879865785353,-0.20330764254673284,-0.2739946125101228,37.9224027818462,37.17206020355225,36.421717625258296,0.4104443135982095,11.509106237497502
2023-10-17,37.12416076660156,7607500,37.05586929321289,37.13364601135254,46.272985539239755,-0.1917180605238613,-0.2575393021128705,37.807277599523374,37.13364601135254,36.460014423181704,0.4068718457719907,10.715326559802723
2023-10-18,36.51712417602539,8860600,37.064405822753905,37.07057113647461,39.0421144975912,-0.22887765379379488,-0.25180697244905537,37.72683851409596,37.07057113647461,36.414303758853265,0.42455676418276544,10.924301910207406
2023-10-19,36.38433837890625,12489600,37.04448776245117,37.03120880126953,37.65593962382989,-0.2659756020940591,-0.25464069837805614,37.74997970582368,37.03120880126953,36.31243789671538,0.41387877706598125,11.312376775526293
2023-10-20,35.948028564453125,12400000,36.930668640136716,36.94821548461914,33.45304598364871,-0.3268152265353237,-0.26907560400950964,37.7589081299393,36.94821548461914,36.13752283929898,0.41683602040374373,12.414053177401682
2023-10-23,35.87214660644531,10778600,36.83202476501465,36.86854190826416,32.76804117342195,-0.3768104705222939,-0.2906225773120665,37.76847234779283,36.86854190826416,35.968611468735496,0.420259518737072,14.006090568045881
2023-10-24,36.31793975830078,10458700,36.71915397644043,36.832973098754884,40.47898956373215,-0.3761245501871784,-0.30772297188708886,37.76048435057757,36.832973098754884,35.9054618469322,0.4261481701541821,14.519015347814937
2023-10-25,35.92905807495117,12138000,36.55601272583008,36.77558917999268,36.54176381576499,-0.4023227292210336,-0.3266429233538778,37.7749058592683,36.77558917999268,35.776272500717056,0.42890638374759554,15.17205765731208
2023-10-26,35.796268463134766,14799400,36.41942939758301,36.70777187347412,35.279880900316925,-0.42885639716486423,-0.3470856181160751,37.77717416355583,36.70777187347412,35.63836958339242,0.41656272782190024,16.0555517413758
2023-10-27,35.834205627441406,11386300,36.3008674621582,36.6399543762207,35.960281078806275,-0.44173130455890686,-0.36601475540464146,37.74956330892097,36.6399543762207,35.53034544352043,0.4193281044312593,15.977179581968658
2023-10-30,36.15669631958008,10203000,36.18799667358398,36.594900894165036,41.5824684474704,-0.4210587545168636,-0.37702355522708586,37.70616462721168,36.594900894165036,35.483637161118395,0.4307036153637543,15.510953872471916
2023-10-31,35.985965728759766,10625700,36.0741771697998,36.565023231506345,39.60033191385926,-0.41368345612181656,-0.384355535406032,37.707595278700154,36.565023231506345,35.422451184312536,0.43110396608558865,15.698278580167868
2023-11-01,36.242061614990234,10184900,36.04667091369629,36.5555383682251,43.91867836523542,-0.38276144558741265,-0.38403671744230816,37.70550358344116,36.5555383682251,35.405573153009044,0.42605581098454454,15.260553316210105
2023-11-02,36.80167007446289,8751400,36.08840408325195,36.566445922851564,51.99535259438133,-0.3095317146912677,-0.36913571689210006,37.72139340115076,36.566445922851564,35.411498444552365,0.43762795448344105,14.62448887498616
2023-11-03,37.475101470947266,8225300,36.24111137390137,36.585890007019046,59.54578577591726,-0.1949095438742674,-0.33429048228853353,37.78734304185422,36.585890007019046,35.38443697218387,0.45989116245512507,15.125441791371056
2023-11-06,37.588924407958984,7206300,36.41278915405273,36.62240695953369,60.671724104229575,-0.09380476499534751,-0.28619333882989634,37.896965116179906,36.62240695953369,35.347848802887476,0.4453343128474833,15.826189104265739
2023-11-07,37.598411560058594,8266100,36.540836334228516,36.62999515533447,60.76973240573953,-0.012765809125056649,-0.2315078328889284,37.925722991980955,36.62999515533447,35.334267318687985,0.4358820086503816,16.012722980285453
2023-11-08,37.427677154541016,8356200,36.6906982421875,36.62335548400879,57.969910226077474,0.03725189100696724,-0.17775588810974927,37.901180470662396,36.62335548400879,35.345530497355185,0.42168501973644457,16.185933008018043
2023-11-09,37.095703125,6534800,36.820641708374026,36.620035552978514,52.869382525821486,0.049532766064317,-0.13229815727493602,37.892578503397914,36.620035552978514,35.347492602559115,0.42272948787973297,15.654136390928612
2023-11-10,37.35179901123047,6802200,36.97240104675293,36.636634254455565,56.0797893697367,0.07901935977077557,-0.0900346538657937,37.93793849536312,36.636634254455565,35.33533001354801,0.41285940094215384,15.160325246488426
2023-11-13,37.41819381713867,6659600,37.09855079650879,36.643273735046385,56.89949049967999,0.10651733810588127,-0.05072425547145871,37.95902560252298,36.643273735046385,35.32752186756979,0.4064043728671633,15.04661801370394
2023-11-14,38.290809631347656,9723700,37.32903518676758,36.70160617828369,65.90577397738583,0.19645784376850628,-0.0012878356234657107,38.18963061340862,36.70160617828369,35.21358174315876,0.44309262653081355,16.121532084530028
2023-11-15,38.556396484375,11710600,37.560468673706055,36.80356979370117,68.09122706728029,0.28587163170843155,0.056144057842913736,38.492910818519846,36.80356979370117,35.1142287688825,0.4439633902801034,17.601011880151464
2023-11-16,38.15802001953125,8660000,37.69610366821289,36.89225387573242,61.702221890425605,0.32088805376262286,0.10909285702685556,38.66825210758192,36.89225387573242,35.11625564388292,0.4515471327605524,17.95977657544107
2023-11-17,38.30978012084961,19053100,37.779571533203125,37.01034145355224,63.12180352122662,0.35677194745711205,0.15862867511290685,38.83296452451853,37.01034145355224,35.187718382585956,0.4321661835442926,18.30576174875997
2023-11-20,38.71763610839844,8716600,37.89244270324707,37.1526159286499,66.69480124888747,0.4133558523788281,0.2095741105660911,39.04069968194538,37.1526159286499,35.264532175354425,0.433817177595083,19.18531431310192
2023-11-21,38.4900016784668,7471700,37.98160171508789,37.2612190246582,63.02460737339756,0.43481849171179476,0.2546229867952318,39.19410934655966,37.2612190246582,35.32832870275675,0.42315511597107264,20.00204169427659
2023-11-22,38.38566207885742,6353500,38.07740020751953,37.38404922485351,61.357884856556254,0.4383553665284765,0.29136946274188075,39.27446183627573,37.38404922485351,35.4936366134313,0.41054457530084065,20.38650566440554
2023-11-24,38.508968353271484,2391500,38.21872673034668,37.51968421936035,62.61610993850554,0.4459673175030332,0.3222890336941112,39.322169030426316,37.51968421936035,35.717199408294384,0.39544761109420984,20.757855489034647
2023-11-27,38.32875061035156,10166800,38.31642189025879,37.64441146850586,59.56347728682776,0.43247250395953785,0.34432572774719655,39.30256526585065,37.64441146850586,35.98625767116106,0.3841391278844507,20.924364579263944
2023-11-28,38.64175796508789,9536100,38.43877830505371,37.76866455078125,62.94260800884457,0.4419404304333767,0.3638486682844326,39.33199415000469,37.76866455078125,36.205334951557816,0.3817680811558066,21.540617216247202
2023-11-29,38.42359924316406,11069500,38.45205726623535,37.89054622650146,59.22761374052836,0.42691898839549935,0.37646273230664595,39.24508073567914,37.89054622650146,36.53601171732379,0.37211410855425964,22.002521856209473
2023-11-30,38.53742599487305,9398300,38.45016021728516,38.00531444549561,60.53639367956396,0.4193650753865299,0.38504320092262273,39.155213199411065,38.00531444549561,36.85541569158015,0.367214435552111,22.06519673162145
2023-12-01,38.69866943359375,9283100,38.504225158691405,38.10016441345215,62.37867916688597,0.42153040275167797,0.39234064128843377,39.145476497038395,38.10016441345215,37.0548523298659,0.37418233534369716,22.36794443699594
2023-12-04,38.357208251953125,11018200,38.50896797180176,38.14426975250244,56.376583851755925,0.391184050411141,0.3921093231129752,39.154205294467694,38.14426975250244,37.13433421053718,0.3765875732753287,22.64906730627225
2023-12-05,38.22441864013672,8508300,38.459646224975586,38.17604446411133,54.192770518235264,0.352357576832361,0.3841589738568524,39.153558836501716,38.17604446411133,37.19853009172094,0.37340082252045165,22.067865961741454
2023-12-06,38.1769905090332,10089300,38.428345108032225,38.20497341156006,53.397176256362,0.314139063406742,0.3701549917668303,39.145959615953,38.20497341156006,37.263987207167126,0.3670542119073717,21.95632400117234
2023-12-07,38.32875061035156,7593100,38.42265396118164,38.250027084350585,55.641243815727194,0.2927220702193978,0.3546684074573438,39.12155560820108,38.250027084350585,37.37849856050009,0.3543861136861403,21.852749323501026
2023-12-08,38.1390495300293,7658200,38.38566207885742,38.30219440460205,52.25404645593918,0.257473660941848,0.33522945815424465,38.99836011300943,38.30219440460205,37.60602869619466,0.35346284842274783,21.02462822621039
2023-12-11,38.30978012084961,13378300,38.383765029907224,38.35009346008301,54.91421717968531,0.24054274740303327,0.31629211600400237,38.89307655684235,38.35009346008301,37.807110363323666,0.34650796899355385,20.491251724233653
2023-12-12,38.30978012084961,10349000,38.3505672454834,38.39467277526855,54.914217179685295,0.22453655876260825,0.29794100455572353,38.731598621944684,38.39467277526855,38.05774692859242,0.34275991919295906,19.869551715000473
2023-12-13,38.67021179199219,11221200,38.37522850036621,38.41364288330078,60.326214230695726,0.2381896604173832,0.28599073572805545,38.767346722094985,38.41364288330078,38.05993904450658,0.36841200827446946,20.119170046708515
2023-12-14,39.182403564453125,13440600,38.43972625732422,38.444943237304685,66.48327989239296,0.2870307257800633,0.286198733738457,38.930031307441396,38.444943237304685,37.95985516716797,0.38274681225499096,21.394549089095648
2023-12-15,38.95476150512695,11128700,38.46533546447754,38.48478031158447,61.88633304149105,0.3038660317928361,0.2897321933493328,38.99905690302164,38.48478031158447,37.970503720147306,0.37505524907934484,22.578829628455132
2023-12-18,38.949920654296875,11145300,38.524606704711914,38.51678733825683,61.78849257300497,0.31320706086150096,0.29442716685176645,39.06224925975818,38.51678733825683,37.971325416755484,0.3634912990342444,22.97248856673692
2023-12-19,39.22121047973633,9147300,38.62428588867188,38.54196605682373,65.11689197717381,0.3385975732909543,0.30326124813960403,39.16338957029029,38.54196605682373,37.92054254335717,0.3603657960903512,23.874668596969176
2023-12-20,38.397640228271484,16805400,38.6463508605957,38.53734798431397,50.68372544378589,0.28893385130782434,0.3003957687732481,39.16161379816842,38.53734798431397,37.91308217045952,0.3948360079201387,22.886573997538257
2023-12-21,39.143699645996094,15129700,38.72784576416016,38.5752498626709,59.451679726695595,0.30624554574001195,0.3015657241666009,39.24822262702125,38.5752498626709,37.90227709832055,0.42130730975298253,22.441165669923862
2023-12-22,39.008052825927734,13385100,38.81474609375,38.60020408630371,57.451672456664994,0.3054980324180079,0.3023521858168823,39.29804828220452,38.60020408630371,37.902359890402906,0.41197616122820097,21.89777121473977
2023-12-26,39.25996398925781,12500800,38.90976448059082,38.64676475524902,60.13388876453681,0.3215263921901439,0.3061870270915346,39.388812035528595,38.64676475524902,37.90471747496945,0.4074635796702239,21.949518313170046
2023-12-27,39.47312545776367,9863800,39.026099014282224,38.688333129882814,62.29961267010516,0.3474244391609105,0.3144345095054098,39.51313118736925,38.688333129882814,37.86353507239638,0.39635295218079597,22.2733997516227
2023-12-28,39.71535110473633,11344600,39.13061294555664,38.75292072296143,64.64972244370158,0.3830785225670468,0.3281633121177372,39.68057474515593,38.75292072296143,37.825266700766925,0.39918512458100375,23.209796105270623
2023-12-29,39.82192611694336,10313800,39.19456520080566,38.81714572906494,65.66389831267308,0.4151487766645303,0.34556040502709584,39.848314721114306,38.81714572906494,37.785976737015574,0.3886657045509976,24.137269956922516
2024-01-02,39.35685729980469,11730100,39.23477478027344,38.85005512237549,57.862631383157236,0.3984444971496188,0.3561372234516004,39.905719731469084,38.85005512237549,37.79439051328189,0.4003517453627277,23.738672168029524
2024-01-03,39.24058532714844,9683200,39.263841247558595,38.89422397613525,56.06911767342218,0.37154116356108347,0.359218011473497,39.9375587148241,38.89422397613525,37.8508892374464,0.3945938197864668,22.769878274847223
2024-01-04,39.17276382446289,9929100,39.25899658203125,38.94164123535156,54.99825814181135,0.340818703543178,0.3555381498874332,39.944309098037294,38.94164123535156,37.93897337266583,0.38163399191544684,21.890571902280108
2024-01-05,39.23090362548828,8938300,39.34232292175293,38.994336891174314,55.77797729855254,0.3175023591261237,0.3479309917351713,39.93986949966015,38.994336891174314,38.04880428268848,0.37444493238081683,21.284713164041943
2024-01-08,39.29872131347656,11027400,39.357825088500974,39.04283542633057,56.71997640608731,0.30102626542947775,0.3385500464740326,39.94536101484501,39.04283542633057,38.140309837816126,0.3760738819777282,19.9903685294593
2024-01-09,38.84333419799805,13068500,39.341353225708005,39.078049659729004,49.14904345153372,0.2483599689574163,0.32051203097070935,39.886867703382435,39.078049659729004,38.26923161607557,0.3872758300576336,18.70150550607735
2024-01-10,38.8045768737793,8019700,39.295814514160156,39.10278949737549,48.55501778956648,0.20117513567031153,0.2966446519106298,39.843497432751484,39.10278949737549,38.362081561999496,0.369994483275446,17.57863543690316
2024-01-11,38.96929931640625,12870600,39.245431900024414,39.13576545715332,51.251720670381204,0.17505461913732034,0.2723266453559679,39.78544979686598,39.13576545715332,38.486081117440655,0.36848100916120324,16.628292467153162
2024-01-12,39.153385162353516,7892100,39.189235305786134,39.15992412567139,54.14461599560115,0.1672798133350426,0.25131727895178285,39.77349500501784,39.15992412567139,38.546353246324934,0.37330372969982284,16.526943997086956
2024-01-16,38.339508056640625,12668400,39.04099349975586,39.11777935028076,42.21635186202658,0.09435744920705247,0.21992531300283677,39.82762435860486,39.11777935028076,38.40793434195667,0.4082335731160652,16.213139667534563
2024-01-17,37.825992584228516,15727300,38.88790702819824,39.06134090423584,36.719675257909486,-0.004814952956955665,0.17497725981087828,39.96663996493159,39.06134090423584,38.156041843540095,0.4302871975565544,16.989764249034696
2024-01-18,38.04883575439453,10678200,38.76873207092285,39.01628665924072,40.349329785924205,-0.06468259403565924,0.12704528904157078,40.0232609839391,39.01628665924072,38.00931233454234,0.42100622042743546,17.06175386118108
2024-01-19,38.397640228271484,9934800,38.69121971130371,38.97510814666748,45.6082548971104,-0.08302545914091297,0.08503113940507404,40.01210406656236,38.97510814666748,37.9381122267726,0.4220777218451052,16.506647380201745
2024-01-22,38.0972785949707,10555600,38.577857208251956,38.96009006500244,42.16124757381202,-0.12041096284406194,0.04394271895524684,40.03799612388799,38.96009006500244,37.88218400611689,0.424456885861525,16.059126615653007
2024-01-23,38.31044006347656,11831400,38.47902908325195,38.918427085876466,45.319729078935744,-0.1313250612737633,0.008889162909444803,40.02865444354389,38.918427085876466,37.80819972820904,0.412824672421306,15.262812709491726
2024-01-24,38.8045768737793,11096700,38.47515335083008,38.908253288269044,51.87981991228761,-0.09896109014725596,-0.01268088770189535,40.01873812859095,38.908253288269044,37.79776844794714,0.43593452711258424,15.098750521825954
2024-01-25,38.90147018432617,8637800,38.484842681884764,38.890328598022464,53.0687934403586,-0.0647475599031253,-0.02309422214214134,39.98903716773736,38.890328598022464,37.79162002830757,0.42279014943092547,14.946408329874531
2024-01-26,38.91115951538086,7775300,38.47902870178223,38.86223030090332,53.1933415849418,-0.036431285469276986,-0.02576163480756847,39.92813780788528,38.86223030090332,37.79632279392136,0.407816562037175,14.804947723062496
2024-01-29,38.92084503173828,12469700,38.4557746887207,38.82250499725342,53.32668080091669,-0.013058365044223308,-0.023220980854899438,39.81496181273096,38.82250499725342,37.83004818177588,0.4008331483367232,14.438758564248932
2024-01-30,38.55266571044922,8527000,38.477090454101564,38.759041976928714,47.75724936110308,-0.0239678648135353,-0.02337035764662661,39.64428456742872,38.759041976928714,37.87379938642871,0.4088819451844241,13.409867944199458
2024-01-31,38.40732955932617,9833700,38.53522415161133,38.71156558990479,45.72705110832197,-0.043835822673230496,-0.02746345065194739,39.56473738246644,38.71156558990479,37.85839379734313,0.40874306676122363,12.784777618480279
2024-02-01,38.6689338684082,12720700,38.5972339630127,38.682983016967775,49.85893949641438,-0.03803361317586251,-0.029577483156730415,39.5009227274454,38.682983016967775,37.86504330649015,0.39961733486907647,12.204336601741039
2024-02-02,38.397640228271484,10067300,38.5972339630127,38.6442268371582,45.95189803662653,-0.05469594895748742,-0.03460117631688182,39.43878599645276,38.6442268371582,37.84966767786364,0.40429288569908406,11.607089366160638
2024-02-05,38.49453353881836,10195400,38.63695945739746,38.607408332824704,47.533248123726516,-0.0593977889825652,-0.03956049885001849,39.356771752330985,38.607408332824704,37.85804491331842,0.3961769863730634,10.791390224536267
2024-02-06,39.44405746459961,10777600,38.75032119750976,38.61467514038086,59.9116060926754,0.013340829453071024,-0.028980233189400587,39.39297324202328,38.61467514038086,37.83637703873844,0.43639398947588676,11.778212189514878
2024-02-07,39.41498947143555,9253800,38.81136245727539,38.64325790405273,59.44920512763148,0.06785892900689561,-0.009612400750141345,39.49185889997358,38.64325790405273,37.794656908131884,0.42114065680239554,12.73992595788179
2024-02-08,39.21152114868164,7914500,38.842367553710936,38.66360511779785,56.180613342181815,0.09356812736634623,0.011023704873156171,39.54556173514839,38.66360511779785,37.78164850044731,0.4118213081158819,13.269452517937085
2024-02-09,39.366546630859375,8825000,38.88790626525879,38.68346748352051,58.07212263058481,0.12501106337876422,0.033821176574277786,39.60888900161067,38.68346748352051,37.75804596543035,0.4066279800705527,13.917199111781015
2024-02-12,39.54094696044922,8682500,38.949916458129884,38.70284557342529,60.15582605359624,0.16213349180729608,0.05948363962088145,39.68151437867372,38.70284557342529,37.72417676817687,0.4087264990506808,15.05956855823601
2024-02-13,38.814273834228516,35414600,38.976077270507815,38.726583862304686,49.187006282779535,0.13140211379145228,0.07386733445499562,39.691787999351135,38.726583862304686,37.76137972525824,0.44181818649426025,14.55036250354809
2024-02-14,39.37623596191406,9530700,39.0729679107666,38.80409603118896,55.88602284878282,0.15065625101559021,0.08922511776711453,39.71502035348284,38.80409603118896,37.89317170889508,0.4538602132729334,14.431808095933167
2024-02-15,39.61845779418945,7562500,39.16792030334473,38.882577133178714,58.42996692158149,0.18334706023578207,0.10804950626084804,39.79015599285644,38.882577133178714,37.97499827350099,0.43943540773023004,14.67898896224798
2024-02-16,39.81224060058594,8155600,39.30938034057617,38.953307151794434,60.397580041889356,0.22232854990447493,0.13090531498957342,39.91741840916014,38.953307151794434,37.989195894428725,0.4308858273563359,15.41355166619058
2024-02-20,39.88975143432617,8923700,39.44890213012695,39.04293079376221,61.188891112535224,0.25651914478766,0.15602808094919074,40.00532859541106,39.04293079376221,38.08053299211336,0.4187942941908869,16.24659734422435
2024-02-21,39.928504943847656,11952700,39.49734687805176,39.12383403778076,61.60200272552064,0.28347480085696475,0.18151742493074555,40.09829182040536,39.12383403778076,38.14937625515616,0.4068742186782816,17.067100838422714
2024-02-22,40.277313232421875,14835700,39.58357925415039,39.19747085571289,65.19317472935846,0.3291885851752241,0.21105165697964126,40.280797339020914,39.19747085571289,38.11414437240487,0.40618696865736675,18.24387352678171
2024-02-23,40.28700256347656,8514500,39.691127395629884,39.26674747467041,65.29028615910963,0.362025729381358,0.24124647145998462,40.439049423253714,39.26674747467041,38.09444552608711,0.39032318515936115,19.35176047250031
2024-02-26,40.15135192871094,9508400,39.76960792541504,39.32875709533691,62.65472858930106,0.37280605407003264,0.2675583879819942,40.54946489620319,39.32875709533691,38.10804929447063,0.374900383236546,20.250793368613188
2024-02-27,40.277313232421875,11725900,39.843244552612305,39.39658050537109,64.10374427110584,0.387051870528758,0.291457084491347,40.668744321086564,39.39658050537109,38.12441668965562,0.36196351619545764,21.27355358655248
2024-02-28,39.6572151184082,6849100,39.92753868103027,39.45180797576904,53.167010221984924,0.344335758994994,0.3020328193920764,40.66727007890252,39.45180797576904,38.23634587263557,0.3838620181217111,20.30213002101758
2024-02-29,39.74441909790039,10169300,39.96435699462891,39.518662452697754,54.34661842172063,0.31390110861897114,0.30440647723745534,40.64044998208467,39.518662452697754,38.39687492331084,0.3744372874197124,19.400093853020884
2024-03-01,40.277313232421875,15638900,40.03024253845215,39.599081420898436,60.838037731905935,0.32898914986888883,0.30932301176374205,40.69600479425975,39.599081420898436,38.50215804753712,0.38990817174250675,19.44517943969612
2024-03-04,40.11259841918945,8596700,40.0602783203125,39.68482933044434,58.088659635224104,0.32392145748639223,0.3122427009082721,40.653270255177624,39.68482933044434,38.71638840571105,0.37866721119366403,19.487044627323122
2024-03-05,39.841304779052734,7463300,40.055433654785155,39.75216789245606,53.777891359477984,0.2946179727030298,0.30871775526722367,40.55296499275862,39.75216789245606,38.9513707921535,0.3751499443755753,18.70534279781864
2024-03-06,40.33544921875,10248500,40.09612808227539,39.79673748016357,59.65131930126921,0.3077208618918732,0.3085183765921536,40.62280480019919,39.79673748016357,38.97067016012795,0.39472272224002186,18.83735116161017
2024-03-07,40.52922821044922,7739600,40.12131958007812,39.85244941711426,61.706295225087224,0.3299380209999825,0.31280230547371934,40.7173969086488,39.85244941711426,38.987501925579714,0.3859064882716625,19.11946591674874
2024-03-08,40.461402893066406,12121100,40.13875961303711,39.91494350433349,60.54399505786219,0.3381740830626896,0.3178766609915134,40.76613042709704,39.91494350433349,39.06375658156995,0.3791039012710727,19.612517027340953
2024-03-11,40.56798553466797,6976400,40.180422973632815,39.97501544952392,61.76285448299872,0.34927532152376983,0.3241563930979647,40.83247074025182,39.97501544952392,39.117560158796024,0.36863513134198256,20.070350201462293
2024-03-12,40.91679382324219,6316500,40.244371032714845,40.04380779266357,65.51715162666947,0.38181769010148514,0.33568865249866875,40.96901384544181,40.04380779266357,39.118601739885335,0.3679111500495494,20.93051571761463
2024-03-13,40.68425369262695,10209100,40.34707489013672,40.1373067855835,61.20284888888564,0.3844124392218262,0.34543340984330023,40.912368997637834,40.1373067855835,39.36224457352916,0.36239432952978656,21.55808381547444
2024-03-14,40.461402893066406,6643000,40.41877326965332,40.191565132141115,57.30815773636495,0.3642873220238485,0.3492041922794099,40.8944929076053,40.191565132141115,39.48863735667693,0.36350012149356914,21.286572651057895
2024-03-15,40.34405517578125,5912700,40.42544746398926,40.2278450012207,55.31212853881854,0.3350072861220781,0.34636481104794353,40.88191134375674,40.2278450012207,39.57377865868466,0.3506974262777372,20.873369629032943
2024-03-18,40.431339263916016,6729200,40.45732154846191,40.258799934387206,56.52505535154593,0.31521217344486274,0.3401342835273274,40.889439711370386,40.258799934387206,39.628160157404025,0.3478147338914889,20.834341462803057
2024-03-19,40.266475677490234,7812700,40.49983863830566,40.27763614654541,53.56757891616925,0.2829595093424828,0.32869932869035845,40.88513901985889,40.27763614654541,39.67013327323193,0.34652318596488135,19.856758981910865
2024-03-20,40.58650588989258,9988200,40.52494430541992,40.31053619384765,58.145548201437336,0.2799951939058474,0.31895850173345625,40.91006240092098,40.31053619384765,39.71100998677433,0.349480200336119,19.585474544794028
2024-03-21,40.615604400634766,8668500,40.53358192443848,40.3274507522583,58.545755510318045,0.2768031448462551,0.31052743035601604,40.94119323322817,40.3274507522583,39.71370827128843,0.341142866391706,19.799267367975624
2024-03-22,40.353755950927734,8168700,40.52281723022461,40.33078842163086,53.58078830156487,0.2502596044970531,0.2984738651842235,40.944340745643245,40.33078842163086,39.71723609761847,0.3389425304529357,19.128287050862557
2024-03-25,40.353755950927734,8294900,40.501394271850586,40.3409086227417,53.58078830156487,0.2266114221209321,0.2841013765715652,40.948940522316214,40.3409086227417,39.73287672316719,0.3230449248781645,18.476251624545647
2024-03-26,40.266475677490234,8532300,40.43636245727539,40.340366744995116,51.87997673615613,0.1985386486218843,0.266988830981629,40.948643650942486,40.340366744995116,39.732089839047745,0.3089757319051659,17.77862550995746
2024-03-27,40.37315368652344,6784100,40.40525245666504,40.37616367340088,53.8098976525127,0.18279168835465498,0.2501494024562342,40.89746097983888,40.37616367340088,39.85486636696288,0.2986821632320747,16.970693918814195
2024-03-28,40.50892639160156,6862800,40.41000480651856,40.414389038085936,56.2167210238882,0.1792021012187064,0.23595994220872862,40.84983262089896,40.414389038085936,39.978945455272914,0.2953583487692467,16.88819917784288
2024-04-01,40.673789978027344,9390000,40.44297828674316,40.434212875366214,59.009734207667854,0.18749906860520582,0.22626776748802407,40.87889139963177,40.434212875366214,39.98953435110066,0.3033553129609139,17.49941567060898
2024-04-02,40.809566497802734,8542100,40.480801010131835,40.469061279296874,61.20470322176386,0.20269397547293977,0.22155300908500722,40.91669086009927,40.469061279296874,40.021431698494474,0.3024689205641738,18.17411530286494
2024-04-03,40.86775588989258,17641800,40.54092903137207,40.52038383483887,62.14038397286065,0.21693080300926937,0.22062856786985965,40.89828865958095,40.52038383483887,40.142479010096785,0.3016455689002426,18.352458039226196
2024-04-04,40.722286224365234,15019100,40.55450706481933,40.53972568511963,58.351478381891695,0.2140084489514038,0.21930454408616848,40.917387412605464,40.53972568511963,40.16206395763379,0.32235546755076844,19.316934518081915
2024-04-05,40.848358154296875,13412800,40.577782440185544,40.55568218231201,60.59398148560099,0.21933703264475923,0.21931104179788663,40.95647976465044,40.55568218231201,40.154884599973585,0.3187264386544389,20.023153334892925
2024-04-08,41.10051345825195,12719900,40.65245819091797,40.587637710571286,64.68918588740297,0.24112723462719288,0.22367428036374787,41.05039529920278,40.587637710571286,40.12488012193979,0.31951298685187945,21.19065550357816
2024-04-09,41.45933532714844,8974600,40.76301612854004,40.632205200195315,69.54022905178694,0.2840754082333561,0.2357545059376695,41.230614463704995,40.632205200195315,40.033795936685635,0.3271697880681238,22.870666441913585
2024-04-10,41.0035285949707,13390400,40.836721420288086,40.63654193878174,58.538615835125285,0.2781262846088097,0.24422886167189756,41.244321909886686,40.63654193878174,40.02876196767679,0.3439781123335532,22.998772200928006
2024-04-11,41.13929748535156,9347300,40.9133358001709,40.65929412841797,60.54110156189378,0.281126326761175,0.25160835468975307,41.30537708777721,40.65929412841797,40.01321116905873,0.3394972120248885,23.232693853487678
2024-04-12,40.34405517578125,12304300,40.89684867858887,40.65342674255371,46.40388609092594,0.21683493535628884,0.24465367082306022,41.3086583174587,40.65342674255371,39.998195167648724,0.37759206189121475,21.628147133793544
2024-04-15,40.0919075012207,13310700,40.838660430908206,40.64081935882568,42.977071918945946,0.1438787893008353,0.22449869451861523,41.328286631260305,40.64081935882568,39.95335208639106,0.3914917363976911,20.596437402885602
2024-04-16,39.59730529785156,16523300,40.717434310913085,40.59911766052246,37.1774282727606,0.04562432486553547,0.18872382058799927,41.42049641673646,40.59911766052246,39.77773890430846,0.40647674028514935,20.633162692387565
2024-04-17,39.665191650390625,14338700,40.59717788696289,40.56905345916748,38.40603741615143,-0.026460168433821707,0.14568702278363507,41.476445908470616,40.56905345916748,39.66166100986434,0.40238067670404,20.27201465667639
2024-04-18,39.77186584472656,8766000,40.502135848999025,40.52832145690918,40.37917598601052,-0.07412546057678782,0.1017245261115505,41.499797331069296,40.52832145690918,39.55684558274907,0.39442064792560355,19.811651943028302
2024-04-19,39.655494689941406,16916700,40.382849502563474,40.48031597137451,38.9146300336134,-0.11990849713232166,0.057397921462776065,41.52213597410305,40.48031597137451,39.43849596864597,0.38356541431761076,19.67126455804895
2024-04-22,39.99492645263672,8416500,40.272290802001955,40.46237449645996,45.162280901686906,-0.12733474131685796,0.020451388906849263,41.52445662191998,40.46237449645996,39.400292370999935,0.38526229334562145,18.72619308359694
2024-04-23,40.32466125488281,7065000,40.15882339477539,40.46091976165771,50.46268519451541,-0.10539828468606771,-0.004718545811734136,41.523672492024595,40.46091976165771,39.39816703129083,0.38337412162847917,17.68663845571541
2024-04-24,40.45073318481445,5988800,40.10354385375977,40.47013263702392,52.35874110782355,-0.07695346203563957,-0.019165529056515224,41.529171309834815,40.47013263702392,39.41109396421303,0.3726154052402096,17.108800593759323
2024-04-25,40.576812744140625,8399900,40.04729537963867,40.480315589904784,54.244861944789115,-0.0437330411292578,-0.024079031471063737,41.53934499746279,40.480315589904784,39.421286182346776,0.37786511175789866,16.212781187908135
2024-04-26,41.042320251464844,6255300,40.117121887207034,40.50698528289795,60.46790498939054,0.019927238411632686,-0.015277777494524452,41.59404752964496,40.50698528289795,39.41992303615094,0.3855107561323899,16.295284334157166
2024-04-29,41.449642181396484,6554300,40.25289535522461,40.54577789306641,64.95884390534903,0.10206935225260594,0.00819164845490163,41.70674322686514,40.54577789306641,39.38481255926767,0.38706869711805064,17.018169188661474
2024-04-30,40.89684295654297,10650600,40.38284912109375,40.55014171600342,55.70913530622792,0.1211645818861129,0.030786235141143887,41.715687418514406,40.55014171600342,39.38459601349243,0.4002918008161077,16.844883919230504
2024-05-01,40.94533920288086,12105500,40.510863876342775,40.55402088165283,56.29706547587523,0.13861308535941674,0.052351605184798464,41.72427600382629,40.55402088165283,39.383765759479374,0.4028720158748515,16.903981189562927
2024-05-02,41.94424057006836,7447700,40.728101348876955,40.61511859893799,66.23820699281355,0.23038836853597644,0.08795895785503405,41.93248143355983,40.61511859893799,39.29775576431615,0.45237264262868626,18.02349085703052
2024-05-03,42.312774658203125,9291800,40.993829345703126,40.688339424133304,69.0366315190981,0.3290653026305108,0.1361802268101294,42.1981495983432,40.688339424133304,39.17852924992341,0.44776964781700307,19.415821019506016
2024-05-06,42.23518371582031,8758100,41.217855072021486,40.74507293701172,67.76312962181646,0.3964366680970599,0.1882315150675155,42.391651195667734,40.74507293701172,39.098494678355706,0.42686994034658976,20.70869902751898
2024-05-07,41.93454360961914,7311100,41.37884330749512,40.76883335113526,62.91996688922667,0.42072001811779813,0.23472921567757205,42.4688026674957,40.76883335113526,39.06886403477481,0.4206244699538403,21.211539957224442
2024-05-08,41.895751953125,8144800,41.523345184326175,40.81344451904297,62.30122674099514,0.43185641356336646,0.27415465525473093,42.581185390032296,40.81344451904297,39.04570364805364,0.40928335703042146,21.12026288055509
2024-05-09,42.06061553955078,9857800,41.67172546386719,40.85951042175293,63.92489934992367,0.44881158026764467,0.3090860402573137,42.70511888433231,40.85951042175293,39.01390195917355,0.3980594539338948,21.27109429488809
2024-05-10,42.14790344238281,7764000,41.782283782958984,40.94970283508301,64.78958138092865,0.4639440184497019,0.3400576358957913,42.86087640241182,40.94970283508301,39.0385292677542,0.3917940326783818,21.858040853636343
2024-05-13,42.47763442993164,6805000,41.8850830078125,41.06898918151855,67.91784144694228,0.4968161326309968,0.3714093352428324,43.04773118072461,41.06898918151855,39.090247182312496,0.3970590059673766,22.746315402896418
2024-05-14,42.69099807739258,8627200,42.06449851989746,41.223673820495605,69.788316562415,0.5339293776402201,0.4039133437223099,43.20173409011563,41.223673820495605,39.24561355087558,0.3846305134630913,23.691964856093822
2024-05-15,43.05952453613281,7240600,42.275917053222656,41.39339046478271,72.74415649001816,0.5863201631436468,0.4403947076065773,43.38983823719553,41.39339046478271,39.3969426923699,0.3841728283390382,25.04919625738936
2024-05-16,43.224388122558594,9801100,42.40393180847168,41.566016578674315,73.97104060747357,0.6338368747698269,0.4790831410392272,43.5688262733405,41.566016578674315,39.56320688400813,0.37404977520853194,26.581810418242902
2024-05-17,43.53472900390625,9999900,42.52612724304199,41.75997829437256,76.14762024444074,0.688598392934658,0.5209861914183134,43.73631557065125,41.75997829437256,39.78364101809387,0.37504103294446145,28.338144872273908
2024-05-20,43.43775177001953,8348500,42.64638404846191,41.9321195602417,74.06343137740346,0.7159193655123275,0.5599728262371162,43.86273649124118,41.9321195602417,40.001502629242225,0.36279930416178896,29.9690268653027
2024-05-21,43.18559646606445,5187400,42.77148933410645,42.07516632080078,68.79117565639955,0.709051107637876,0.5897884825172681,43.93066858742015,42.07516632080078,40.219664054181415,0.36320873642509477,30.634471816892834
2024-05-22,43.05952453613281,5654300,42.88786659240723,42.2056058883667,66.25180932214683,0.6855326193640465,0.6089373098866238,43.949413892374956,42.2056058883667,40.46179788435844,0.35804682549815336,30.9206449380961
2024-05-23,42.729793548583984,7511400,42.95478439331055,42.31325492858887,60.012189313406985,0.6329907891528634,0.6137480057398716,43.900351085313254,42.31325492858887,40.72615877186448,0.3733425923039459,30.276768109738295
2024-05-24,42.865562438964844,5688000,43.02655029296875,42.40441703796387,61.61522994638491,0.5954425340701803,0.6100869114059334,43.89558631623068,42.40441703796387,40.91324775969706,0.36468561750356965,29.67888248340605
2024-05-28,42.74918746948242,5834500,43.05370559692383,42.469394302368165,59.416519175031866,0.549955242248167,0.5980605775743801,43.90053090019223,42.469394302368165,41.0382577045441,0.36357463572078835,28.69786292133458
2024-05-29,42.21578598022461,8038200,43.00618438720703,42.53534145355225,50.51821313422824,0.46549920829014724,0.5715483037175335,43.77994409849351,42.53534145355225,41.29073880861099,0.3812467537454011,26.80845811102302
2024-05-30,42.138206481933594,5290500,42.91405258178711,42.59498481750488,49.360353743643905,0.38783643870677054,0.534805930715381,43.62490142871704,42.59498481750488,41.56506820629272,0.3741038091352254,25.432930386177258
2024-05-31,41.77937316894531,10096300,42.76955108642578,42.58674144744873,44.30249706967992,0.29394487131666835,0.48663371883563844,43.63974062626552,42.58674144744873,41.53374226863194,0.3931020233880548,25.04604190803649
2024-06-03,42.196388244628906,10536500,42.63571701049805,42.58092212677002,50.633393563321306,0.25029946277420123,0.439366867623351,43.641174632961174,42.58092212677002,41.520669620578865,0.4107429076289755,23.296267635963545
2024-06-04,41.536922454833984,13022800,42.445634078979495,42.5460090637207,42.421541249633485,0.1606449690006002,0.3836224878988008,43.692019422416465,42.5460090637207,41.39999870502494,0.44374876850221134,22.810971182530885
2024-06-05,42.07032012939453,8354800,42.3341064453125,42.552797889709474,49.548751099265154,0.13112237419704798,0.33312246515845023,43.68577334475711,42.552797889709474,41.41982243466184,0.4515377350848113,21.39779516860861
2024-06-06,42.264278411865234,7268300,42.25458183288574,42.571224212646484,51.881220775824886,0.12197031961418503,0.2908920360495972,43.672397264212954,42.571224212646484,41.470051161080015,0.43729535796059565,20.046125920691107
2024-06-07,41.9151496887207,8035800,42.17311744689941,42.56395092010498,47.61403991624235,0.08555920697375541,0.24982547023442883,43.68033481426472,42.56395092010498,41.44756702594524,0.4344615564523247,18.851162907249943
2024-06-10,42.138206481933594,7629700,42.10038185119629,42.56346607208252,50.41981934127018,0.07385065257474821,0.2146305067024927,43.68058049031011,42.56346607208252,41.446351653854926,0.42905918342624744,17.775007766559515
2024-06-11,42.04121780395508,7057100,42.029584884643555,42.541645240783694,49.186224969920374,0.05609869230858067,0.1829241438237103,43.68143261799503,42.541645240783694,41.40185786357236,0.42057953731748626,16.811405933685823
2024-06-12,42.37095642089844,9027600,42.045101928710935,42.52564315795898,53.36383043220062,0.06785509524871003,0.15991033410871025,43.66558029627785,42.52564315795898,41.38570601964011,0.4307163145593445,16.328217601072097
2024-06-13,42.32246780395508,4471900,42.063528060913086,42.488790321350095,52.677979491165615,0.07242463699549972,0.14241319468606814,43.60470892624815,42.488790321350095,41.37287171645204,0.4235033803985573,15.661277508162424
2024-06-14,42.4388427734375,6505800,42.1294750213623,42.449513053894044,54.1994308924998,0.0844628836561725,0.130823132480089,43.51317730744435,42.449513053894044,41.38584880034374,0.41126402658103195,15.04197599331773
2024-06-17,42.671600341796875,4790200,42.1769962310791,42.40635662078857,57.16573094919157,0.11149957371635111,0.12695842072734143,43.35412112448451,42.40635662078857,41.458592117092635,0.40266959537506797,14.970240560288943
2024-06-18,43.01103210449219,7175100,42.32440719604492,42.385020637512206,61.12031073648644,0.15848869288202394,0.13326447515827794,43.254967736526204,42.385020637512206,41.51507353849821,0.403694500453103,15.515751676735059
2024-06-20,42.933448791503906,9742900,42.41072006225586,42.37241325378418,59.76219724489699,0.18730840865228515,0.1440732618570794,43.20195681933663,42.37241325378418,41.54286968823173,0.40118237827551795,16.068755683940736
2024-06-21,42.787418365478516,8758500,42.463034057617186,42.35880794525146,57.186449330358016,0.19610423849131564,0.15447945718392664,43.15090868073263,42.35880794525146,41.5667072097703,0.3836527785333096,16.582259404917437
2024-06-24,42.758209228515625,6846700,42.54734001159668,42.36022872924805,56.66041197639926,0.19843067842524675,0.16326970143219066,43.15508325309403,42.36022872924805,41.56537420540207,0.3778062297753987,17.298456313032773
2024-06-25,42.631649017333984,10373600,42.596684265136716,42.3485330581665,54.32848886506646,0.18789609824018072,0.16819498079378867,43.11983580165549,42.3485330581665,41.577230314677514,0.3682048485560097,17.288811519158763
2024-06-26,42.51482009887695,7393200,42.64404449462891,42.33681468963623,52.19306000824056,0.16818155789644607,0.16819229621432014,43.09032920574745,42.33681468963623,41.583300173525004,0.35789850439583987,16.95665149125906
2024-06-27,42.49535369873047,9108200,42.65648422241211,42.350793075561526,51.82751752108526,0.1492662187790259,0.1644070807272613,43.105180163651426,42.350793075561526,41.59640598747163,0.34693747566443717,16.857248673991723
2024-06-28,42.602439880371094,9177500,42.68448143005371,42.3740047454834,53.74663222460645,0.14128795653837045,0.1597832558894831,43.12936648869748,42.3740047454834,41.618643002269316,0.34301784141125174,17.0351175854849
2024-07-01,42.699798583984375,12952900,42.7105770111084,42.420026016235354,55.483046600856746,0.14119356838691743,0.15606531838896998,43.135994253199634,42.420026016235354,41.704057779271075,0.3407694502603641,17.465416576096477
2024-07-02,42.85556411743164,8358400,42.728973388671875,42.45298480987549,58.18760477593416,0.1519363146015209,0.15523951763148017,43.18524248649673,42.45298480987549,41.72072713325424,0.33659518125892707,17.70055236549683
2024-07-03,43.48836898803711,7496300,42.776707077026366,42.550557136535645,66.96759795077274,0.20910168875412438,0.166011951856009,43.288588234026726,42.550557136535645,41.81252603904456,0.35844855589834523,19.079202228021497
2024-07-05,43.478633880615234,7304400,42.8312255859375,42.62097282409668,66.73543056215914,0.2507298600622079,0.18295553349724877,43.42781617730628,42.62097282409668,41.81412947088708,0.35579312172100763,20.390207142390942
2024-07-08,43.478633880615234,8687100,42.90034713745117,42.68169059753418,66.73543056215914,0.28048720384988,0.202461867567775,43.552276561931734,42.68169059753418,41.81110463313662,0.3435916629862243,21.766577582651376
2024-07-09,43.66360855102539,9928800,42.99088706970215,42.769113540649414,69.09638022419952,0.31536074088035093,0.2250416422302902,43.66502894847232,42.769113540649414,41.87319813282651,0.3343478261650081,23.157223739371236
2024-07-10,43.83884811401367,7567400,43.111606979370116,42.85414562225342,71.18306653739182,0.35306868242886935,0.250647050270006,43.81487465091291,42.85414562225342,41.893416593593926,0.3236784899321186,24.716965508287892
2024-07-11,44.17959213256836,8468200,43.278084182739256,42.96106433868408,74.75284327035618,0.4057702257783262,0.28167168537167003,44.00818667232271,42.96106433868408,41.913942005045456,0.339500606929438,26.881207394702614
2024-07-12,44.384033203125,6332300,43.46695213317871,43.06171817779541,76.62391189069996,0.4587451360164181,0.31708637550061963,44.24123630279354,43.06171817779541,41.88220005279729,0.3395889303000715,29.0437127074683
2024-07-15,43.92646789550781,8192800,43.599354934692386,43.14191818237305,65.01116832425191,0.4585208943016923,0.34537327926083417,44.32758045978415,43.14191818237305,41.95625590496194,0.35079717743733335,29.37458692710158
2024-07-16,44.20879364013672,7094000,43.750254440307614,43.230415725708006,68.21235463818755,0.4756416088340316,0.37142694517547364,44.45648644867495,43.230415725708006,42.00434500274106,0.34590636080816,29.790435057956696
2024-07-17,43.566253662109375,8376500,43.82132339477539,43.27514839172363,55.718057435094984,0.4323781064872847,0.38361717743783585,44.48152638776258,43.27514839172363,42.06877039568469,0.36918056479692246,28.904810094852667
2024-07-18,43.18656921386719,7141200,43.7911434173584,43.283925247192386,49.901455513335286,0.36326659616795354,0.3795470611838594,44.48503203181748,43.283925247192386,42.08281846256729,0.3817522560513667,27.040923783903942
2024-07-19,42.7679443359375,8240500,43.72007446289062,43.27565002441406,44.39813269266923,0.2715850340468151,0.3579546557564505,44.48852433850549,43.27565002441406,42.06277571032263,0.38577682880916714,25.685008422890157
2024-07-22,43.09894943237305,6633700,43.682106018066406,43.29122657775879,49.171384906064205,0.22306472914851128,0.3309766704348627,44.48649398508369,43.29122657775879,42.09595917043389,0.3853414646077846,24.2232946763838
2024-07-23,42.651123046875,7529800,43.58085746765137,43.285872268676755,43.704825442059665,0.14678415491041363,0.2941381673299729,44.491556517409805,43.285872268676755,42.080188019943705,0.39119548740514765,23.46680058908959
2024-07-24,42.20328903198242,7505400,43.41730155944824,43.26445426940918,39.03166399695242,0.04962276758246276,0.24523508738047087,44.529616419185494,43.26445426940918,41.99929211963286,0.3959363709690519,23.51596194897122
2024-07-25,42.09619903564453,9856100,43.20896224975586,43.24352321624756,37.98569694570858,-0.03560911983343118,0.18906624593769045,44.569968318616176,43.24352321624756,41.917078113878944,0.3989478554854681,23.91592765034685
2024-07-26,42.563499450683594,10790800,43.02690887451172,43.24693050384521,44.92175866092909,-0.06470291168227504,0.13831241441369735,44.56600029355381,43.24693050384521,41.927860714136614,0.41008871165126637,23.633521082001806
2024-07-29,42.4174690246582,5465400,42.87600898742676,43.23768196105957,43.292226731404966,-0.09840898872048598,0.09096813378686068,44.57713356686268,43.23768196105957,41.898230355256466,0.4009628391812811,23.581490719205643
2024-07-30,42.30064392089844,6055000,42.68519401550293,43.21772422790527,41.980242621592296,-0.13301479537547323,0.04617154795439389,44.59985364012141,43.21772422790527,41.835594815689134,0.39457513171037284,23.742927817721142
2024-07-31,43.11842346191406,7014000,42.6404109954834,43.23086719512939,52.77019549774561,-0.09337579395148765,0.018262079573217585,44.60394071867632,43.23086719512939,41.85779367158246,0.43314863740523835,22.099298540092388
2024-08-01,42.40773391723633,23320700,42.56252746582031,43.176835441589354,44.947175910167275,-0.11794866769386658,-0.008980069880199247,44.58959919518276,43.176835441589354,41.76407168799595,0.4599270583720723,21.707186386532374
2024-08-02,41.950164794921875,13596500,42.48074951171875,43.10041198730469,40.7577249122463,-0.1723580153667541,-0.04165565897751022,44.60216661490769,43.10041198730469,41.59865735970169,0.4785342264141412,22.1535092428349
2024-08-05,40.79164505004883,17981300,42.25001907348633,42.96606254577637,32.49834620219048,-0.3054397572614036,-0.0944124786342889,44.76064842161767,42.96606254577637,41.17147666993507,0.5959484589742081,24.133596448993075
2024-08-06,41.073970794677734,13328000,42.0923038482666,42.83658065795898,35.90697673227362,-0.38370357248184206,-0.15227069740379953,44.77878671852666,42.83658065795898,40.894374597391305,0.6013628692355483,25.365901288871765
2024-08-07,41.39524459838867,13033700,42.01149940490723,42.71440048217774,39.642134135394244,-0.4150200066464791,-0.20482055925233544,44.69607510655964,42.71440048217774,40.732725857795835,0.6237754097756526,25.496809343298647
2024-08-08,42.2909049987793,10484100,42.0309700012207,42.61996612548828,48.63006825772136,-0.363377408805313,-0.23653192916293095,44.49022688175823,42.61996612548828,40.74970536921833,0.645282119991303,25.12509633862478
2024-08-09,42.39799880981445,7496800,42.01441993713379,42.52066440582276,49.596546284494345,-0.31023253487219193,-0.25127205030478317,44.20764375877682,42.52066440582276,40.833685052868695,0.6214430361670605,24.535879067955257
2024-08-12,42.582969665527344,7570400,42.0309700012207,42.45348949432373,51.3007779672831,-0.2503038897694623,-0.251078418197719,44.013415505745144,42.45348949432373,40.89356348290232,0.5986110705050202,23.67087069022727
2024-08-13,42.904239654541016,5378800,42.09132957458496,42.388261795043945,54.197514025655266,-0.17487040642270557,-0.2358368158427163,43.745010542094,42.388261795043945,41.03151304799389,0.5815826213117674,22.510101211032026
2024-08-14,42.631649017333984,8553800,42.04265213012695,42.34153156280517,51.40364356897329,-0.1355223958692804,-0.21577393184802912,43.59306933867257,42.34153156280517,41.089993786937775,0.567856649763298,21.532176068239256
2024-08-15,43.09894943237305,7715100,42.11177368164063,42.33715057373047,55.62662592705103,-0.06587224171896366,-0.18579359382221602,43.57738791861524,42.33715057373047,41.0969132288457,0.566237052349353,20.13513698816384
2024-08-16,43.546783447265625,3570700,42.271435546875,42.376092529296876,59.278724761267284,0.025172298951140704,-0.1436004152675447,43.71312224200696,42.376092529296876,41.03906281658679,0.5591705066410597,19.108687336640738
2024-08-19,43.99461364746094,6170400,42.59173240661621,42.42087574005127,62.59415940950971,0.13194097443246022,-0.08849213732754371,43.90379313840187,42.42087574005127,40.93795834170067,0.5560853442703321,18.79073048521681
2024-08-20,43.566253662109375,10259400,42.84096069335938,42.46663227081299,57.75069083437812,0.1799168783349927,-0.03481033419503643,44.02946454662189,42.46663227081299,40.903799995004086,0.5539159094383584,18.092087073712005
2024-08-21,43.77069854736328,8536500,43.07850608825684,42.54500274658203,59.36674648054304,0.23176349613261493,0.018504431870493845,44.20154276567619,42.54500274658203,40.88846272748787,0.5331261357171073,17.482883931583
2024-08-22,43.25471878051758,10341300,43.17488746643066,42.602928733825685,53.7760408098327,0.22858210706747428,0.060519966909889936,44.27360451638854,42.602928733825685,40.93225295126283,0.536073837304459,16.245401921361815
2024-08-23,43.87778854370117,8900700,43.322866439819336,42.668643188476565,58.81924313814635,0.2731882123323075,0.10305361599437346,44.42893480793468,42.668643188476565,40.90835156901845,0.5478510882938216,15.528407009948934
2024-08-26,43.595462799072266,7267600,43.42411575317383,42.727542877197266,55.846003982772594,0.28250104779922935,0.13894310235534463,44.52863452345307,42.727542877197266,40.92645123094146,0.5344479838337076,14.8461713261172
2024-08-27,43.644142150878906,7969600,43.49810600280762,42.79471778869629,56.25658801402042,0.2904612968385294,0.16924674125198158,44.627056061286204,42.79471778869629,40.962379516106374,0.509485464504493,14.177444543046574
2024-08-28,43.361812591552734,8009300,43.571122360229495,42.806887245178224,53.16854686952056,0.2708658428138051,0.1895705615643463,44.650859423120146,42.806887245178224,40.9629150672363,0.5016049277224023,13.233826383977602
2024-08-29,43.42021942138672,9398100,43.60324935913086,42.85751152038574,53.734343538183246,0.2570857231764663,0.2030735938867703,44.71044236634195,42.85751152038574,41.00458067442953,0.4852466100364549,12.345135730546579
2024-08-30,43.53704833984375,4305300,43.60227584838867,42.936855697631835,54.90787532223953,0.25267926711898525,0.21299472853321327,44.763291890824235,42.936855697631835,41.110419504439434,0.4735339068630611,11.65042911472498
2024-09-03,42.875038146972656,12945100,43.490318298339844,43.04102535247803,47.54804508355162,0.193537449783733,0.20910327278331722,44.581428688378104,43.04102535247803,41.50062201657796,0.4932550297562341,11.711334421164397
2024-09-04,42.85556411743164,8069800,43.41924934387207,43.13010501861572,47.34699631266264,0.1434422292894979,0.19597106408455336,44.38474446357376,43.13010501861572,41.875465573657685,0.48097056177528,11.816299004447654
2024-09-05,42.97239303588867,8108800,43.33941879272461,43.20896244049072,48.74711950700203,0.11187885368757122,0.17915262200515694,44.1848070199554,43.20896244049072,42.233117861026045,0.46678223247066214,11.781116235757427
2024-09-06,42.34931945800781,7794100,43.24887886047363,43.21188316345215,42.288508493911614,0.036170865408529096,0.15055627068583138,44.177010014694964,43.21188316345215,42.246756312209335,0.48837660690631457,12.699548506030123
2024-09-09,42.64138412475586,6432800,43.1252384185791,43.22405242919922,45.906438148999186,-0.0002581077237380214,0.1203933950039175,44.153293924875406,43.22405242919922,42.29481093352303,0.4806128563611468,13.552378471283339
2024-09-10,42.54403305053711,6925700,43.02009544372559,43.22210559844971,44.89613163331515,-0.03656228224967606,0.08900225955319879,44.15685821052459,43.22210559844971,42.28735298637483,0.4740986970839162,14.694832258202865
2024-09-11,42.806888580322266,5534800,42.936370086669925,43.21723804473877,48.21036768556582,-0.04362052735408639,0.062477702171741756,44.159544235015666,43.21723804473877,42.274931854461876,0.490302750928902,15.055844693012165
2024-09-12,43.08921432495117,5350400,42.90911026000977,43.24011631011963,51.5789966710687,-0.026131679618153214,0.044755825813762765,44.14595426962911,43.24011631011963,42.334278350610155,0.4803152489740635,14.78964436011637
2024-09-13,43.2839241027832,5074900,42.895480728149415,43.24936504364014,53.81039235662841,0.003400609912191044,0.03648478263344842,44.15302341917054,43.24936504364014,42.34570666810974,0.4647825748101381,14.002761761071634
2024-09-16,43.449432373046875,7750700,42.886719131469725,43.2444974899292,55.68003595244131,0.03970262913890821,0.03712835193454038,44.14272771278213,43.2444974899292,42.34626726707627,0.4461872018613437,13.02450926404745
2024-09-17,43.49810791015625,7129300,42.949026107788086,43.219672203063965,56.24102888641027,0.07157487930943063,0.04401765740951843,44.0591250920739,43.219672203063965,42.38021931405403,0.4330920152263853,12.483803728048896
2024-09-18,43.34233856201172,7547400,42.997703552246094,43.20847644805908,53.890185985914385,0.08330430247641374,0.05187498642289749,44.03501467386579,43.20847644805908,42.38193822225237,0.4417941442557349,12.374675053989447
2024-09-19,44.247737884521484,7295500,43.125238037109376,43.23232841491699,63.45263734641801,0.1637702716823597,0.07425404347478994,44.14539133843395,43.23232841491699,42.31926549140003,0.47977651648303554,13.089737885328317
2024-09-20,44.22235107421875,5975100,43.31254119873047,43.28071002960205,63.05775562269089,0.22292192341008388,0.10398761946184873,44.2907840304735,43.28071002960205,42.27063602873059,0.46364028077917124,13.872475873672977
2024-09-23,44.58362579345703,8742600,43.506765365600586,43.316001892089844,66.2743195991658,0.2955450250344569,0.14229910057637035,44.44891176147232,43.316001892089844,42.18309202270737,0.46609267562351775,15.117896315785519
2024-09-24,46.136146545410156,9822000,43.86597671508789,43.44303607940674,75.96091841858397,0.47292324127733565,0.2084239287165634,45.11454962304888,43.44303607940674,41.771522535764596,0.5492743881072882,17.82772279604377
2024-09-25,45.66746139526367,10615400,44.152033996582034,43.54420204162598,69.47368682104482,0.5691173503872591,0.2805626130507025,45.47669892020057,43.54420204162598,41.61170516305139,0.5449129406966214,20.343990241997858
2024-09-26,47.12233352661133,9345700,44.555345916748045,43.7322280883789,76.25324973640168,0.7540556132972682,0.37526121310001564,46.21155880676658,43.7322280883789,41.252897369991224,0.6217667696481729,23.50562019459372
2024-09-27,47.112571716308594,12020500,44.93821067810059,43.916845703125,76.13107552973642,0.8895783174527878,0.4781246339705701,46.79375739508978,43.916845703125,41.03993401116022,0.6059501901949593,26.522474298424648
2024-09-30,46.72200012207031,13600800,45.26546745300293,44.07609329223633,71.21469210902318,0.954462721254167,0.5733922514272894,47.19380250898615,44.07609329223633,40.95838407548651,0.6045147715865726,28.292199918754363
2024-10-01,47.07351303100586,15944400,45.62300796508789,44.28601703643799,72.91025537367403,1.0224619281218565,0.6632061867662029,47.610507549639706,44.28601703643799,40.96152652323627,0.6003922944855231,29.807572995224017
2024-10-02,48.04994201660156,11686700,46.09376831054688,44.545735931396486,76.96858889233404,1.1419774431440999,0.7589604380417823,48.17982573426811,44.545735931396486,40.911646128524865,0.6272520581362502,31.841531084730242
2024-10-03,47.327388763427734,12395300,46.4017333984375,44.763485717773435,68.75959360776965,1.1649613912058427,0.8401606286745944,48.514403704038685,44.763485717773435,41.012567731508184,0.6591674363312406,32.544010285948325
2024-10-04,47.903480529785156,8533900,46.76984634399414,45.0411937713623,71.38046409034672,1.2156488829726868,0.9152582795342129,48.85789030442723,45.0411937713623,41.224497238297374,0.6532334599045393,33.46612777016707
2024-10-07,48.323341369628906,11884500,47.14381790161133,45.32529163360596,73.1485181058318,1.2750009291824256,0.9872068094638554,49.23003328287753,45.32529163360596,41.420549984334386,0.6421434277990857,34.6558760453394
2024-10-08,46.90752410888672,13781800,47.22095565795898,45.54346618652344,59.744944091619786,1.1940292075019912,1.0285712890714827,49.28648887752867,45.54346618652344,41.80044349551821,0.7260011777324635,33.5096401443138
2024-10-09,46.58530044555664,14915900,47.312739562988284,45.73238677978516,57.177080372325406,1.0912782021875458,1.0411126716946952,49.28017020452422,45.73238677978516,42.1846033550461,0.7313347000956669,31.942768781174912
2024-10-10,46.682945251464844,13793600,47.26880073547363,45.91207332611084,57.76942466651818,1.0061283882137744,1.034115814998511,49.26484208723189,45.91207332611084,42.559304564989795,0.7118766199157865,30.575155416858312
2024-10-11,47.014930725097656,8903100,47.25903663635254,46.09862365722656,59.80516688549792,0.9544328921057286,1.0181792304199546,49.25515331523331,46.09862365722656,42.942093999219814,0.7035726238916892,29.609136092873417
2024-10-14,46.790348052978516,8111600,47.26587142944336,46.265669441223146,57.77614742811622,0.8851385678394337,0.9915710979038505,49.18870141880625,46.265669441223146,43.342637463640045,0.6909796588532678,28.732134205381794
2024-10-15,45.85298156738281,7197200,47.14381828308105,46.38341312408447,50.13121584312281,0.7459854195737066,0.9424539622378216,49.02743364842894,46.38341312408447,43.73939259974,0.7141581588301519,26.82989079764732
2024-10-16,46.28261184692383,5157800,46.96708526611328,46.530426788330075,53.18857876555075,0.662733540302419,0.8865098778507411,48.7791592633776,46.530426788330075,44.28169431328255,0.7029013636962173,25.063521919036738
2024-10-17,46.136146545410156,5971400,46.847961044311525,46.62484722137451,52.0177475081661,0.5782713482705191,0.8248621719346967,48.62736926302706,46.62484722137451,44.622325179721955,0.6778022625586618,23.38151918758764
2024-10-18,46.702476501464844,4309000,46.727860641479495,46.748853492736814,56.04665522379469,0.5506845977510793,0.7700266570979732,48.42079608133291,46.748853492736814,45.07691090414072,0.6886708013948286,22.510533026412666
2024-10-21,46.37049102783203,4572000,46.532575607299805,46.838196754455566,53.225292185883625,0.4963122671369291,0.7152837791057645,48.199979622215956,46.838196754455566,45.47641388669518,0.6792348028488037,21.03506695784071
2024-10-22,46.3119010925293,5096100,46.47301330566406,46.846984481811525,52.720885781837154,0.44338304156451613,0.6609036315975148,48.19270592693527,46.846984481811525,45.50126303668778,0.6467592889843438,19.664991322738178
2024-10-23,46.01897430419922,6341900,46.41638069152832,46.8645601272583,50.161398764810606,0.3734940977698926,0.6034217248319903,48.15630151899312,46.8645601272583,45.572818735523484,0.6340396131258789,18.595743774637977
2024-10-24,45.97015380859375,5688700,46.345101547241214,46.80695114135742,49.728087710457324,0.31058694730962344,0.544854769327517,48.14934592292718,46.80695114135742,45.464556359787665,0.6089771073408458,17.71871889370669
2024-10-25,45.931095123291016,6644300,46.236717987060544,46.747877311706546,49.36071096947288,0.2546454733657768,0.4868129101351689,48.134531142299,46.747877311706546,45.361223481114095,0.5919818172192767,16.621470673473105
2024-10-28,46.07756042480469,5168900,46.165439224243165,46.71565532684326,50.827717603537046,0.2195985822386035,0.4333700445558558,48.13283098308609,46.71565532684326,45.298479670600436,0.5685285141811047,15.60259732611335
2024-10-29,45.90180206298828,4484500,46.17032127380371,46.657069778442384,48.99350807632432,0.1756170337491838,0.3818194423945214,48.10673069550318,46.657069778442384,45.20740886138159,0.5502376303643354,14.734898788076459
2024-10-30,45.56981658935547,5443000,46.09904174804687,46.53306350708008,45.64300274774413,0.11267405018421073,0.3279903639524593,47.907258485303274,46.53306350708008,45.158868528856885,0.5451097420005802,14.620222190945887
2024-10-31,45.47217559814453,12630400,46.03264465332031,46.44030284881592,44.675310772266194,0.054286687121503974,0.2732496285862682,47.83776475805664,46.44030284881592,45.04284093957519,0.5333737269642652,14.844486606991643
2024-11-01,45.48194122314453,9021100,45.91059112548828,46.31922588348389,44.801361061983826,0.00870197461230049,0.22034009779147468,47.603661509561114,46.31922588348389,45.03479025740666,0.5273581198647471,14.402982207255693
2024-11-04,45.62840270996094,5748600,45.83638229370117,46.18447895050049,46.76050729028363,-0.015428174127357863,0.17318644340770817,47.116841266768674,46.18447895050049,45.25211663423231,0.524562035791659,13.865984700030918
2024-11-05,46.29237365722656,5433600,45.834429550170896,46.15372142791748,54.62337541491382,0.018808601703241834,0.1423108750668149,47.027383136675105,46.15372142791748,45.28005971915986,0.5407968524355198,13.113893350415324
2024-11-06,45.85298156738281,7592600,45.81783027648926,46.11710548400879,49.42159861717607,0.010366722589211008,0.11592204457129411,46.97661620238667,46.11710548400879,45.257594765630905,0.5621489882368478,13.020212104272328
2024-11-07,46.84893798828125,7464700,45.905708694458006,46.12540512084961,58.96138517895779,0.08308409050499677,0.10935445375803464,47.00946618972229,46.12540512084961,45.241344051976924,0.6015045280321024,12.69196909869782
2024-11-08,45.686988830566406,9563800,45.88129806518555,46.059008026123045,47.66573305095185,0.0464184591625596,0.09676725483893964,46.86157907303205,46.059008026123045,45.256436979214044,0.6554852880641379,12.624813287390054
2024-11-11,45.42335510253906,7754800,45.815877532958986,45.990658378601076,45.534257200996656,-0.0038677711524996994,0.07664024964065178,46.76478554447699,45.990658378601076,45.21653121272516,0.6358651852947903,12.764468614422587
2024-11-12,44.6519775390625,10307300,45.690895080566406,45.93060817718506,39.910665009298185,-0.10475613021054642,0.04036097367041214,46.899871329969706,45.93060817718506,44.96134502440041,0.6546115316849299,13.668321349271068
2024-11-13,44.41763687133789,8077600,45.57567710876465,45.83735942840576,38.36068100914225,-0.20129975675302347,-0.007971172414274988,46.99395999061902,45.83735942840576,44.680758866192505,0.6378438246987599,14.65793346899798
2024-11-14,44.14423370361328,5310000,45.44288291931152,45.73776378631592,36.57594349985432,-0.29645527518167825,-0.06566799296775565,47.0992070971269,45.73776378631592,44.37632047550493,0.6118123492006063,15.772744350538867
2024-11-15,44.056358337402344,5938200,45.30032463073731,45.605457878112794,35.9962563571729,-0.37463891256361137,-0.1274621768869268,47.07610372512849,45.605457878112794,44.1348120310971,0.5855476529131715,16.959973521189482
2024-11-18,44.427398681640625,6150600,45.18022422790527,45.508303260803224,40.29874987770303,-0.40202584986020895,-0.18237491148158322,47.02010770540901,45.508303260803224,43.99649881619744,0.571620628998218,17.659710850888622
2024-11-19,44.495750427246094,6387500,45.00056190490723,45.41749572753906,41.084452004889314,-0.4134487999461669,-0.22858968917449995,46.94342737720707,45.41749572753906,43.89156407787105,0.5503192928455666,18.080709315592653
2024-11-20,44.485984802246094,5727400,44.86386222839356,45.34084625244141,41.00142706060192,-0.4184657616950389,-0.26656490367860775,46.8920245324847,45.34084625244141,43.78966797239812,0.5284471706706027,18.528190198896233
2024-11-21,44.32975769042969,7958500,44.6119441986084,45.258826446533206,39.62196994892725,-0.4300901507691677,-0.2992699530967197,46.84138749692997,45.258826446533206,43.67626539613644,0.5165066210318751,19.095995456713087
2024-11-22,44.33951950073242,9676600,44.477197265625,45.17924766540527,39.758354349833446,-0.4335175459367804,-0.3261194716647319,46.778561382591995,45.17924766540527,43.579933948218546,0.4921673650581126,19.62324319611445
2024-11-25,44.35905075073242,7512400,44.37076683044434,45.09332218170166,40.05013623110841,-0.42970440772408836,-0.3468364588766032,46.6749109537945,45.09332218170166,43.511733409608816,0.4751463350343404,19.784513793644056
2024-11-26,44.12470626831055,6829600,44.31803970336914,45.00446739196777,37.69122743107329,-0.4405141366939631,-0.36557199444007515,46.59404524889118,45.00446739196777,43.41488953504437,0.46213071686764673,20.17124750369902
2024-11-27,44.29069900512695,6838300,44.305345916748045,44.940511512756345,40.37032559679893,-0.4307216076030258,-0.3786019170726653,46.53687158000062,44.940511512756345,43.34415144551207,0.4570193815640301,20.09545284091278
2024-11-29,44.495750427246094,5041200,44.34049758911133,44.891690254211426,43.596612620540064,-0.401783511449878,-0.3832382359481078,46.47972695021243,44.891690254211426,43.30365355821042,0.4641296218795278,20.269130940448132
2024-12-02,44.7203254699707,7995000,44.406894302368165,44.85360946655273,46.980087517362016,-0.35661766619573143,-0.3779141219976325,46.41957686687823,44.85360946655273,43.287642066227235,0.4512033605907293,19.827976283286745
2024-12-03,44.90584945678711,6459700,44.45473937988281,44.81748180389404,49.66629721697839,-0.30236766693495554,-0.36280483098509714,46.34310231901438,44.81748180389404,43.2918612887737,0.438502990974248,19.08410416685708
2024-12-04,44.97420120239258,5962800,44.50258445739746,44.751573181152345,50.65815748677641,-0.25096575997937975,-0.34043701678395366,46.12270160989821,44.751573181152345,43.38044475240648,0.4183404969463402,18.14816888614813
2024-12-05,45.267127990722656,8518300,44.580698776245114,44.722280502319336,54.77152680567761,-0.18446622286842995,-0.30924285800084894,46.02116471181039,44.722280502319336,43.42339629282828,0.41356688915142464,17.06334747824257
2024-12-06,45.28665542602539,5264300,44.676388549804685,44.64416637420654,55.04060197995317,-0.12870552262495494,-0.27313539092567013,45.55073259903768,44.64416637420654,43.7376001493754,0.4021599123273845,16.414350652324682
2024-12-09,46.3900146484375,8016800,44.88143806457519,44.6793176651001,66.99035565943919,0.00446562519555016,-0.21761518770142607,45.77887274385982,44.6793176651001,43.57976258634038,0.47665639592634745,17.655012087855592
2024-12-10,45.53076171875,4972700,44.998609161376955,44.68468799591064,54.779518222254275,0.040206711003541784,-0.1660508079604325,45.799667396192774,44.68468799591064,43.56970859562851,0.5046823161497457,17.189690519926238
2024-12-11,45.6088752746582,10085600,45.14702606201172,44.73253288269043,55.572341981167824,0.07398207088562714,-0.11804423219122057,45.91770500551975,44.73253288269043,43.54736075986111,0.4853724342738769,16.574667278188976
2024-12-12,45.33547592163086,5510300,45.25150375366211,44.77842483520508,52.12753853507702,0.07779151190917588,-0.07887708337114127,45.982204232584955,44.77842483520508,43.574645437825204,0.47162642661739,15.832460252065365
2024-12-13,45.35500717163086,5686500,45.337429428100585,44.83896350860596,52.35475643349087,0.0814476521765215,-0.04681213626160872,46.030800273228344,44.83896350860596,43.64712674398357,0.45328248727688625,14.967245612369112
2024-12-16,45.120662689208984,7880700,45.37746315002441,44.89217872619629,49.32942991720844,0.06468982441869287,-0.0245117441255484,46.03346052787502,44.89217872619629,43.75089692451756,0.43834138871743056,13.965592905080117
2024-12-17,45.01325225830078,9017700,45.38820343017578,44.921471405029294,47.961434372434844,0.04225491274773674,-0.01115841275089137,46.043442691998806,44.921471405029294,43.79950011805978,0.4321396475988171,13.506196503837597
2024-12-18,43.96847915649414,10539000,45.28763122558594,44.8951078414917,37.16514289915177,-0.05914755793913429,-0.020756241788539954,46.07892817998133,44.8951078414917,43.71128750300207,0.4772943095027254,14.257613141086091
2024-12-19,44.15400314331055,11289300,45.17631874084473,44.878508758544925,39.75837784070393,-0.12312025758663481,-0.041229044948158926,46.09370396018481,44.878508758544925,43.66331355690504,0.47807427224866156,14.955357161388266
2024-12-20,44.400001525878906,12254500,45.08765335083008,44.88202095031738,43.11101303515987,-0.15221443610743535,-0.06342612318001421,46.091243148061054,44.88202095031738,43.67279875257371,0.4846406463395775,15.793441921275427
2024-12-23,44.59000015258789,12668200,44.90765190124512,44.894544982910155,45.62792731273732,-0.1581177973636727,-0.08236445801674591,46.086092121150344,44.894544982910155,43.702997844669966,0.47359501667637105,16.501072934124405
